transaction_id,transaction_date,customer_id,card_id,region,card_type,channel,merchant_category,transaction_amount_ngn,status,is_successful,transaction_month
TXN300001,2026-04-13,CUST10232,CARD20444,Kano,Gold,ATM,Entertainment,2536.03,Successful,1,2026-04
TXN300002,2026-06-29,CUST10227,CARD20283,Lagos,Classic,POS,Entertainment,7078.96,Successful,1,2026-06
TXN300003,2026-04-03,CUST10233,CARD20312,Kano,Classic,POS,Travel,6099.21,Successful,1,2026-04
TXN300004,2026-01-15,CUST10221,CARD20535,Lagos,Classic,ATM,Retail,6771.21,Successful,1,2026-01
TXN300005,2026-04-17,CUST10436,CARD20277,Abuja,Gold,POS,Dining,36590.53,Successful,1,2026-04
TXN300006,2026-03-13,CUST10413,CARD20061,Ibadan,Gold,Online,Dining,4879.54,Successful,1,2026-03
TXN300007,2026-01-21,CUST10422,CARD20319,Lagos,Gold,POS,Fuel,8456.81,Successful,1,2026-01
TXN300008,2026-04-13,CUST10042,CARD20052,Abuja,Classic,Online,Travel,2836.35,Successful,1,2026-04
TXN300009,2026-05-02,CUST10021,CARD20153,Lagos,Gold,POS,Entertainment,17193.72,Successful,1,2026-05
TXN300010,2026-03-16,CUST10042,CARD20311,Kano,Platinum,Online,Dining,7018.69,Successful,1,2026-03
TXN300011,2026-03-29,CUST10397,CARD20544,Ibadan,Classic,POS,Utilities,20798.72,Successful,1,2026-03
TXN300012,2026-04-27,CUST10113,CARD20567,Port Harcourt,Gold,POS,Entertainment,1134.92,Successful,1,2026-04
TXN300013,2026-04-10,CUST10105,CARD20389,Abuja,Gold,Online,Travel,7734.88,Successful,1,2026-04
TXN300014,2026-04-14,CUST10192,CARD20548,Ibadan,Platinum,ATM,Retail,9006.5,Successful,1,2026-04
TXN300015,2026-06-01,CUST10017,CARD20177,Lagos,Platinum,POS,Utilities,16801.42,Successful,1,2026-06
TXN300016,2026-05-11,CUST10120,CARD20362,Abuja,Classic,Online,Fuel,4848.39,Successful,1,2026-05
TXN300017,2026-05-30,CUST10393,CARD20314,Port Harcourt,Classic,POS,Groceries,15206.22,Successful,1,2026-05
TXN300018,2026-02-22,CUST10425,CARD20097,Lagos,Classic,Online,Utilities,5313.74,Successful,1,2026-02
TXN300019,2026-01-02,CUST10129,CARD20213,Lagos,Classic,POS,Entertainment,8734.24,Successful,1,2026-01
TXN300020,2026-03-29,CUST10130,CARD20137,Lagos,Classic,Online,Retail,16942.17,Successful,1,2026-03
TXN300021,2026-06-07,CUST10060,CARD20006,Lagos,Gold,POS,Utilities,3851.37,Successful,1,2026-06
TXN300022,2026-02-07,CUST10048,CARD20109,Ibadan,Classic,POS,Travel,14653.99,Successful,1,2026-02
TXN300023,2026-05-10,CUST10029,CARD20547,Abuja,Classic,POS,Travel,10592.72,Successful,1,2026-05
TXN300024,2026-01-21,CUST10097,CARD20039,Port Harcourt,Gold,POS,Retail,6204.69,Successful,1,2026-01
TXN300025,2026-06-10,CUST10010,CARD20425,Lagos,Classic,ATM,Entertainment,4747.79,Successful,1,2026-06
TXN300026,2026-02-27,CUST10242,CARD20261,Lagos,Platinum,ATM,Travel,1509.2,Successful,1,2026-02
TXN300027,2026-01-22,CUST10314,CARD20426,Lagos,Gold,Online,Utilities,7599.12,Successful,1,2026-01
TXN300028,2026-03-30,CUST10444,CARD20087,Ibadan,Classic,POS,Groceries,6213.0,Successful,1,2026-03
TXN300029,2026-02-18,CUST10232,CARD20465,Port Harcourt,Classic,POS,Utilities,13511.62,Successful,1,2026-02
TXN300030,2026-02-28,CUST10277,CARD20076,Kano,Classic,Online,Groceries,12461.49,Successful,1,2026-02
TXN300031,2026-06-19,CUST10284,CARD20471,Port Harcourt,Gold,ATM,Travel,19074.24,Successful,1,2026-06
TXN300032,2026-01-15,CUST10203,CARD20414,Abuja,Classic,POS,Utilities,19641.18,Successful,1,2026-01
TXN300033,2026-06-24,CUST10247,CARD20457,Abuja,Gold,Online,Travel,101157.13,Successful,1,2026-06
TXN300034,2026-02-20,CUST10290,CARD20285,Kano,Gold,ATM,Entertainment,12221.21,Successful,1,2026-02
TXN300035,2026-04-18,CUST10264,CARD20239,Ibadan,Classic,Online,Groceries,4070.92,Successful,1,2026-04
TXN300036,2026-02-24,CUST10443,CARD20599,Lagos,Platinum,POS,Entertainment,15692.75,Successful,1,2026-02
TXN300037,2026-03-05,CUST10214,CARD20558,Abuja,Classic,POS,Travel,29281.85,Successful,1,2026-03
TXN300038,2026-05-11,CUST10200,CARD20372,Port Harcourt,Platinum,Online,Dining,11848.04,Successful,1,2026-05
TXN300039,2026-02-20,CUST10433,CARD20495,Port Harcourt,Classic,Online,Fuel,1481.14,Successful,1,2026-02
TXN300040,2026-05-15,CUST10079,CARD20045,Lagos,Gold,POS,Utilities,12635.79,Successful,1,2026-05
TXN300041,2026-01-21,CUST10401,CARD20401,Ibadan,Classic,POS,Dining,4895.65,Successful,1,2026-01
TXN300042,2026-03-14,CUST10444,CARD20247,Kano,Gold,Online,Entertainment,2814.27,Successful,1,2026-03
TXN300043,2026-06-16,CUST10343,CARD20597,Lagos,Classic,POS,Travel,9408.32,Successful,1,2026-06
TXN300044,2026-01-18,CUST10344,CARD20450,Ibadan,Classic,POS,Travel,2390.72,Successful,1,2026-01
TXN300045,2026-05-12,CUST10173,CARD20485,Lagos,Gold,Online,Fuel,18370.8,Successful,1,2026-05
TXN300046,2026-03-30,CUST10069,CARD20018,Lagos,Classic,Online,Travel,14540.65,Successful,1,2026-03
TXN300047,2026-03-01,CUST10416,CARD20289,Lagos,Gold,Online,Fuel,7560.29,Successful,1,2026-03
TXN300048,2026-01-14,CUST10428,CARD20414,Lagos,Platinum,POS,Utilities,5218.35,Successful,1,2026-01
TXN300049,2026-01-09,CUST10449,CARD20235,Ibadan,Classic,Online,Groceries,6993.39,Successful,1,2026-01
TXN300050,2026-03-31,CUST10087,CARD20416,Lagos,Classic,Online,Fuel,3609.3,Successful,1,2026-03
TXN300051,2026-02-22,CUST10101,CARD20499,Lagos,Classic,POS,Fuel,7618.73,Successful,1,2026-02
TXN300052,2026-05-10,CUST10008,CARD20115,Lagos,Gold,Online,Dining,832.5,Successful,1,2026-05
TXN300053,2026-03-25,CUST10333,CARD20234,Lagos,Classic,POS,Travel,8699.04,Successful,1,2026-03
TXN300054,2026-04-02,CUST10200,CARD20540,Lagos,Classic,POS,Utilities,8878.39,Successful,1,2026-04
TXN300055,2026-04-21,CUST10087,CARD20011,Port Harcourt,Classic,POS,Groceries,15932.55,Successful,1,2026-04
TXN300056,2026-06-21,CUST10043,CARD20206,Lagos,Classic,POS,Retail,10299.49,Successful,1,2026-06
TXN300057,2026-01-08,CUST10385,CARD20247,Ibadan,Platinum,POS,Entertainment,17709.7,Successful,1,2026-01
TXN300058,2026-06-24,CUST10109,CARD20559,Ibadan,Classic,Online,Fuel,12551.87,Successful,1,2026-06
TXN300059,2026-02-04,CUST10435,CARD20127,Lagos,Gold,POS,Retail,18568.45,Successful,1,2026-02
TXN300060,2026-03-22,CUST10408,CARD20147,Ibadan,Gold,ATM,Travel,65982.18,Successful,1,2026-03
TXN300061,2026-06-13,CUST10152,CARD20118,Lagos,Gold,Online,Entertainment,11339.12,Successful,1,2026-06
TXN300062,2026-02-19,CUST10017,CARD20382,Lagos,Classic,POS,Fuel,9388.3,Successful,1,2026-02
TXN300063,2026-04-14,CUST10133,CARD20412,Lagos,Gold,POS,Retail,20944.66,Successful,1,2026-04
TXN300064,2026-05-12,CUST10148,CARD20584,Lagos,Platinum,Online,Dining,5571.47,Successful,1,2026-05
TXN300065,2026-01-02,CUST10277,CARD20363,Abuja,Classic,Online,Retail,7366.15,Successful,1,2026-01
TXN300066,2026-05-14,CUST10232,CARD20509,Ibadan,Classic,POS,Entertainment,11347.99,Successful,1,2026-05
TXN300067,2026-02-23,CUST10314,CARD20137,Lagos,Classic,POS,Dining,8586.38,Successful,1,2026-02
TXN300068,2026-04-16,CUST10415,CARD20175,Port Harcourt,Classic,Online,Entertainment,8555.51,Successful,1,2026-04
TXN300069,2026-01-04,CUST10366,CARD20289,Lagos,Classic,POS,Groceries,16644.3,Successful,1,2026-01
TXN300070,2026-02-23,CUST10228,CARD20481,Port Harcourt,Gold,Online,Travel,2086.32,Successful,1,2026-02
TXN300071,2026-05-26,CUST10139,CARD20019,Lagos,Classic,Online,Utilities,41223.64,Successful,1,2026-05
TXN300072,2026-02-13,CUST10436,CARD20195,Lagos,Classic,POS,Retail,11952.79,Reversed,0,2026-02
TXN300073,2026-06-11,CUST10399,CARD20330,Lagos,Gold,POS,Fuel,5882.82,Successful,1,2026-06
TXN300074,2026-01-14,CUST10211,CARD20175,Lagos,Classic,POS,Entertainment,29805.32,Successful,1,2026-01
TXN300075,2026-04-05,CUST10391,CARD20449,Abuja,Gold,Online,Entertainment,8802.82,Successful,1,2026-04
TXN300076,2026-02-17,CUST10028,CARD20354,Ibadan,Classic,POS,Travel,8990.46,Successful,1,2026-02
TXN300077,2026-01-15,CUST10051,CARD20499,Lagos,Platinum,POS,Retail,6824.25,Successful,1,2026-01
TXN300078,2026-02-09,CUST10442,CARD20141,Port Harcourt,Classic,Online,Fuel,26216.78,Successful,1,2026-02
TXN300079,2026-03-23,CUST10261,CARD20093,Port Harcourt,Gold,POS,Fuel,8042.69,Successful,1,2026-03
TXN300080,2026-04-21,CUST10261,CARD20239,Ibadan,Gold,Online,Entertainment,5183.66,Successful,1,2026-04
TXN300081,2026-02-22,CUST10350,CARD20205,Lagos,Classic,Online,Utilities,18016.05,Successful,1,2026-02
TXN300082,2026-01-24,CUST10352,CARD20560,Abuja,Classic,POS,Entertainment,20876.18,Successful,1,2026-01
TXN300083,2026-06-03,CUST10008,CARD20433,Kano,Gold,ATM,Utilities,29298.36,Successful,1,2026-06
TXN300084,2026-05-04,CUST10320,CARD20245,Port Harcourt,Classic,Online,Entertainment,13451.95,Successful,1,2026-05
TXN300085,2026-02-10,CUST10138,CARD20317,Lagos,Platinum,POS,Entertainment,20272.35,Successful,1,2026-02
TXN300086,2026-06-06,CUST10038,CARD20295,Lagos,Platinum,POS,Fuel,6585.31,Successful,1,2026-06
TXN300087,2026-01-15,CUST10111,CARD20282,Lagos,Classic,POS,Utilities,18409.82,Successful,1,2026-01
TXN300088,2026-02-14,CUST10368,CARD20017,Abuja,Classic,Online,Fuel,14676.72,Successful,1,2026-02
TXN300089,2026-03-06,CUST10220,CARD20071,Port Harcourt,Classic,POS,Retail,12386.57,Reversed,0,2026-03
TXN300090,2026-03-30,CUST10337,CARD20269,Lagos,Classic,ATM,Entertainment,2331.58,Successful,1,2026-03
TXN300091,2026-03-12,CUST10223,CARD20325,Abuja,Gold,Online,Groceries,5939.98,Successful,1,2026-03
TXN300092,2026-01-09,CUST10136,CARD20305,Abuja,Gold,POS,Utilities,7812.09,Successful,1,2026-01
TXN300093,2026-03-29,CUST10256,CARD20451,Abuja,Classic,Online,Dining,12397.83,Successful,1,2026-03
TXN300094,2026-05-09,CUST10360,CARD20007,Port Harcourt,Classic,POS,Dining,55303.4,Successful,1,2026-05
TXN300095,2026-05-16,CUST10409,CARD20314,Ibadan,Classic,Online,Dining,16113.22,Successful,1,2026-05
TXN300096,2026-03-04,CUST10329,CARD20103,Lagos,Classic,Online,Groceries,4238.6,Successful,1,2026-03
TXN300097,2026-05-19,CUST10450,CARD20193,Ibadan,Gold,POS,Fuel,5518.19,Successful,1,2026-05
TXN300098,2026-03-22,CUST10434,CARD20574,Lagos,Classic,POS,Fuel,24634.2,Successful,1,2026-03
TXN300099,2026-05-16,CUST10049,CARD20529,Lagos,Gold,Online,Travel,5327.43,Successful,1,2026-05
TXN300100,2026-06-12,CUST10292,CARD20171,Lagos,Gold,Online,Dining,18305.62,Successful,1,2026-06
TXN300101,2026-06-12,CUST10382,CARD20537,Lagos,Gold,ATM,Dining,8899.74,Successful,1,2026-06
TXN300102,2026-02-02,CUST10324,CARD20251,Lagos,Classic,POS,Fuel,7093.18,Successful,1,2026-02
TXN300103,2026-05-03,CUST10078,CARD20387,Lagos,Gold,POS,Dining,5392.41,Successful,1,2026-05
TXN300104,2026-01-05,CUST10105,CARD20207,Ibadan,Gold,POS,Fuel,708.29,Successful,1,2026-01
TXN300105,2026-02-10,CUST10169,CARD20541,Lagos,Gold,Online,Entertainment,12478.98,Reversed,0,2026-02
TXN300106,2026-01-28,CUST10217,CARD20416,Port Harcourt,Classic,POS,Entertainment,3492.23,Successful,1,2026-01
TXN300107,2026-05-15,CUST10378,CARD20380,Lagos,Classic,POS,Fuel,2605.31,Successful,1,2026-05
TXN300108,2026-03-13,CUST10119,CARD20144,Kano,Gold,Online,Utilities,9879.53,Successful,1,2026-03
TXN300109,2026-01-12,CUST10190,CARD20025,Port Harcourt,Classic,Online,Fuel,18465.04,Successful,1,2026-01
TXN300110,2026-06-11,CUST10255,CARD20073,Lagos,Classic,POS,Retail,2085.06,Declined,0,2026-06
TXN300111,2026-02-02,CUST10370,CARD20093,Port Harcourt,Platinum,POS,Retail,18082.8,Successful,1,2026-02
TXN300112,2026-02-17,CUST10266,CARD20505,Abuja,Classic,Online,Retail,3934.09,Successful,1,2026-02
TXN300113,2026-05-31,CUST10149,CARD20598,Port Harcourt,Classic,POS,Retail,13617.96,Successful,1,2026-05
TXN300114,2026-03-03,CUST10164,CARD20336,Abuja,Classic,POS,Groceries,12876.5,Successful,1,2026-03
TXN300115,2026-02-06,CUST10140,CARD20425,Port Harcourt,Gold,POS,Travel,6868.39,Successful,1,2026-02
TXN300116,2026-04-09,CUST10347,CARD20499,Ibadan,Classic,Online,Travel,8299.07,Successful,1,2026-04
TXN300117,2026-06-21,CUST10258,CARD20364,Lagos,Gold,Online,Fuel,5901.96,Successful,1,2026-06
TXN300118,2026-04-14,CUST10374,CARD20199,Lagos,Classic,POS,Entertainment,10004.9,Successful,1,2026-04
TXN300119,2026-02-04,CUST10269,CARD20413,Ibadan,Classic,POS,Dining,9934.46,Successful,1,2026-02
TXN300120,2026-04-11,CUST10181,CARD20339,Lagos,Gold,ATM,Retail,3869.54,Successful,1,2026-04
TXN300121,2026-06-24,CUST10160,CARD20429,Abuja,Classic,ATM,Travel,2734.58,Successful,1,2026-06
TXN300122,2026-05-11,CUST10351,CARD20139,Lagos,Platinum,Online,Travel,18154.67,Successful,1,2026-05
TXN300123,2026-01-01,CUST10400,CARD20542,Abuja,Classic,ATM,Retail,9539.62,Successful,1,2026-01
TXN300124,2026-01-05,CUST10288,CARD20057,Kano,Classic,Online,Entertainment,16250.34,Successful,1,2026-01
TXN300125,2026-05-22,CUST10288,CARD20232,Lagos,Classic,Online,Groceries,4739.45,Successful,1,2026-05
TXN300126,2026-04-13,CUST10380,CARD20435,Lagos,Classic,POS,Groceries,4189.97,Successful,1,2026-04
TXN300127,2026-01-27,CUST10226,CARD20384,Port Harcourt,Platinum,POS,Travel,3606.63,Declined,0,2026-01
TXN300128,2026-05-17,CUST10011,CARD20560,Ibadan,Platinum,POS,Groceries,7012.11,Successful,1,2026-05
TXN300129,2026-01-15,CUST10010,CARD20194,Lagos,Classic,Online,Utilities,9759.12,Reversed,0,2026-01
TXN300130,2026-03-31,CUST10271,CARD20534,Lagos,Gold,ATM,Retail,5244.53,Successful,1,2026-03
TXN300131,2026-02-11,CUST10273,CARD20518,Kano,Gold,Online,Entertainment,28335.19,Successful,1,2026-02
TXN300132,2026-05-04,CUST10424,CARD20185,Port Harcourt,Classic,POS,Travel,4847.81,Successful,1,2026-05
TXN300133,2026-06-28,CUST10402,CARD20292,Lagos,Classic,POS,Retail,9887.6,Successful,1,2026-06
TXN300134,2026-03-04,CUST10183,CARD20335,Lagos,Platinum,POS,Groceries,3998.06,Successful,1,2026-03
TXN300135,2026-04-06,CUST10153,CARD20116,Abuja,Platinum,POS,Retail,4729.17,Successful,1,2026-04
TXN300136,2026-02-21,CUST10315,CARD20049,Lagos,Platinum,Online,Groceries,7562.29,Successful,1,2026-02
TXN300137,2026-04-06,CUST10334,CARD20082,Lagos,Gold,ATM,Entertainment,4162.58,Successful,1,2026-04
TXN300138,2026-05-12,CUST10124,CARD20333,Ibadan,Gold,POS,Groceries,8703.95,Declined,0,2026-05
TXN300139,2026-05-31,CUST10114,CARD20557,Lagos,Classic,POS,Retail,11524.16,Successful,1,2026-05
TXN300140,2026-05-23,CUST10278,CARD20335,Port Harcourt,Classic,Online,Entertainment,19432.45,Reversed,0,2026-05
TXN300141,2026-06-20,CUST10414,CARD20532,Lagos,Classic,POS,Groceries,3415.49,Successful,1,2026-06
TXN300142,2026-01-29,CUST10213,CARD20221,Port Harcourt,Gold,ATM,Utilities,9267.55,Successful,1,2026-01
TXN300143,2026-02-05,CUST10172,CARD20323,Port Harcourt,Gold,POS,Fuel,7711.3,Successful,1,2026-02
TXN300144,2026-01-13,CUST10288,CARD20003,Lagos,Gold,POS,Retail,1847.25,Successful,1,2026-01
TXN300145,2026-06-09,CUST10435,CARD20206,Abuja,Platinum,POS,Fuel,3284.5,Successful,1,2026-06
TXN300146,2026-03-12,CUST10174,CARD20040,Lagos,Platinum,POS,Retail,11848.52,Successful,1,2026-03
TXN300147,2026-03-27,CUST10113,CARD20059,Ibadan,Platinum,Online,Groceries,2745.93,Successful,1,2026-03
TXN300148,2026-01-28,CUST10376,CARD20574,Ibadan,Classic,POS,Groceries,7640.85,Successful,1,2026-01
TXN300149,2026-03-07,CUST10405,CARD20507,Lagos,Gold,POS,Entertainment,1483.33,Successful,1,2026-03
TXN300150,2026-06-19,CUST10122,CARD20572,Abuja,Gold,POS,Travel,7462.44,Successful,1,2026-06
TXN300151,2026-02-14,CUST10032,CARD20122,Lagos,Classic,POS,Utilities,1567.43,Successful,1,2026-02
TXN300152,2026-03-03,CUST10222,CARD20479,Port Harcourt,Platinum,POS,Travel,4995.72,Successful,1,2026-03
TXN300153,2026-05-14,CUST10119,CARD20096,Lagos,Platinum,Online,Fuel,5709.06,Successful,1,2026-05
TXN300154,2026-01-28,CUST10039,CARD20414,Lagos,Classic,Online,Groceries,8941.16,Successful,1,2026-01
TXN300155,2026-01-28,CUST10268,CARD20235,Abuja,Classic,ATM,Travel,6620.72,Successful,1,2026-01
TXN300156,2026-04-18,CUST10233,CARD20062,Lagos,Gold,POS,Groceries,3014.77,Reversed,0,2026-04
TXN300157,2026-02-13,CUST10431,CARD20256,Port Harcourt,Gold,POS,Retail,3060.18,Successful,1,2026-02
TXN300158,2026-03-25,CUST10018,CARD20561,Lagos,Platinum,POS,Travel,2227.67,Successful,1,2026-03
TXN300159,2026-01-30,CUST10149,CARD20348,Port Harcourt,Classic,POS,Fuel,9558.52,Successful,1,2026-01
TXN300160,2026-03-16,CUST10397,CARD20124,Lagos,Classic,Online,Entertainment,9226.94,Successful,1,2026-03
TXN300161,2026-05-08,CUST10149,CARD20482,Lagos,Classic,Online,Travel,13842.88,Successful,1,2026-05
TXN300162,2026-04-02,CUST10126,CARD20317,Port Harcourt,Classic,Online,Groceries,5431.04,Successful,1,2026-04
TXN300163,2026-05-09,CUST10392,CARD20504,Kano,Classic,POS,Dining,2023.38,Successful,1,2026-05
TXN300164,2026-05-01,CUST10302,CARD20048,Port Harcourt,Platinum,POS,Dining,6293.05,Successful,1,2026-05
TXN300165,2026-01-27,CUST10360,CARD20409,Lagos,Classic,ATM,Entertainment,8175.01,Successful,1,2026-01
TXN300166,2026-05-01,CUST10238,CARD20136,Lagos,Classic,POS,Entertainment,3191.35,Successful,1,2026-05
TXN300167,2026-04-26,CUST10135,CARD20201,Ibadan,Classic,Online,Utilities,3443.1,Successful,1,2026-04
TXN300168,2026-01-03,CUST10151,CARD20250,Abuja,Classic,ATM,Entertainment,11622.97,Successful,1,2026-01
TXN300169,2026-04-13,CUST10236,CARD20314,Lagos,Gold,Online,Groceries,8782.33,Successful,1,2026-04
TXN300170,2026-06-04,CUST10224,CARD20368,Ibadan,Gold,Online,Retail,20056.24,Successful,1,2026-06
TXN300171,2026-05-17,CUST10203,CARD20429,Ibadan,Gold,POS,Travel,32134.34,Successful,1,2026-05
TXN300172,2026-03-03,CUST10256,CARD20480,Kano,Classic,POS,Entertainment,2435.12,Successful,1,2026-03
TXN300173,2026-06-14,CUST10086,CARD20314,Kano,Classic,POS,Dining,5795.9,Successful,1,2026-06
TXN300174,2026-02-20,CUST10150,CARD20500,Ibadan,Classic,Online,Retail,8945.52,Successful,1,2026-02
TXN300175,2026-06-21,CUST10235,CARD20355,Lagos,Classic,POS,Groceries,10838.49,Successful,1,2026-06
TXN300176,2026-06-01,CUST10345,CARD20485,Lagos,Gold,Online,Retail,18264.32,Successful,1,2026-06
TXN300177,2026-02-28,CUST10022,CARD20211,Abuja,Classic,Online,Groceries,14514.45,Successful,1,2026-02
TXN300178,2026-04-28,CUST10348,CARD20044,Abuja,Gold,Online,Utilities,20145.66,Successful,1,2026-04
TXN300179,2026-06-09,CUST10285,CARD20541,Abuja,Classic,POS,Travel,8510.77,Successful,1,2026-06
TXN300180,2026-04-06,CUST10269,CARD20571,Lagos,Gold,POS,Retail,4901.01,Successful,1,2026-04
TXN300181,2026-06-29,CUST10258,CARD20583,Abuja,Platinum,Online,Travel,38559.79,Successful,1,2026-06
TXN300182,2026-04-23,CUST10029,CARD20092,Abuja,Gold,Online,Retail,9160.54,Successful,1,2026-04
TXN300183,2026-03-03,CUST10213,CARD20265,Lagos,Gold,Online,Groceries,6677.65,Successful,1,2026-03
TXN300184,2026-02-21,CUST10436,CARD20220,Lagos,Platinum,POS,Groceries,3436.55,Successful,1,2026-02
TXN300185,2026-01-12,CUST10283,CARD20442,Abuja,Gold,Online,Retail,9205.67,Successful,1,2026-01
TXN300186,2026-02-08,CUST10050,CARD20401,Port Harcourt,Classic,Online,Utilities,18098.64,Successful,1,2026-02
TXN300187,2026-05-10,CUST10095,CARD20400,Lagos,Classic,POS,Groceries,5429.64,Successful,1,2026-05
TXN300188,2026-05-11,CUST10407,CARD20576,Abuja,Gold,Online,Fuel,7282.99,Successful,1,2026-05
TXN300189,2026-04-23,CUST10088,CARD20490,Port Harcourt,Gold,Online,Fuel,9890.45,Successful,1,2026-04
TXN300190,2026-04-11,CUST10044,CARD20485,Abuja,Classic,POS,Travel,11822.26,Successful,1,2026-04
TXN300191,2026-04-23,CUST10278,CARD20470,Lagos,Classic,POS,Entertainment,6582.25,Successful,1,2026-04
TXN300192,2026-03-22,CUST10171,CARD20574,Abuja,Platinum,Online,Fuel,5914.21,Successful,1,2026-03
TXN300193,2026-04-23,CUST10421,CARD20445,Lagos,Classic,POS,Fuel,5385.1,Successful,1,2026-04
TXN300194,2026-01-02,CUST10189,CARD20269,Kano,Classic,Online,Utilities,3343.33,Successful,1,2026-01
TXN300195,2026-05-10,CUST10353,CARD20267,Lagos,Classic,Online,Utilities,4375.86,Successful,1,2026-05
TXN300196,2026-02-23,CUST10184,CARD20054,Port Harcourt,Gold,ATM,Entertainment,4282.73,Successful,1,2026-02
TXN300197,2026-03-28,CUST10003,CARD20528,Lagos,Classic,Online,Dining,2359.63,Successful,1,2026-03
TXN300198,2026-05-09,CUST10191,CARD20520,Abuja,Gold,POS,Entertainment,17932.24,Successful,1,2026-05
TXN300199,2026-05-27,CUST10118,CARD20059,Abuja,Classic,POS,Dining,10803.81,Declined,0,2026-05
TXN300200,2026-05-06,CUST10019,CARD20040,Lagos,Gold,Online,Utilities,9079.57,Successful,1,2026-05
TXN300201,2026-05-10,CUST10023,CARD20237,Abuja,Gold,POS,Dining,23008.95,Successful,1,2026-05
TXN300202,2026-02-22,CUST10413,CARD20386,Lagos,Classic,Online,Utilities,14389.84,Successful,1,2026-02
TXN300203,2026-06-21,CUST10030,CARD20300,Lagos,Classic,Online,Dining,4308.34,Successful,1,2026-06
TXN300204,2026-06-09,CUST10295,CARD20395,Port Harcourt,Classic,POS,Groceries,20717.06,Successful,1,2026-06
TXN300205,2026-06-09,CUST10108,CARD20207,Lagos,Classic,POS,Utilities,17637.97,Successful,1,2026-06
TXN300206,2026-03-09,CUST10367,CARD20336,Ibadan,Gold,Online,Entertainment,3313.18,Successful,1,2026-03
TXN300207,2026-05-03,CUST10281,CARD20593,Port Harcourt,Classic,Online,Travel,16684.32,Successful,1,2026-05
TXN300208,2026-05-25,CUST10128,CARD20514,Abuja,Gold,POS,Travel,5575.85,Successful,1,2026-05
TXN300209,2026-02-07,CUST10229,CARD20178,Lagos,Classic,ATM,Utilities,17992.65,Declined,0,2026-02
TXN300210,2026-01-24,CUST10111,CARD20396,Abuja,Classic,Online,Fuel,6183.52,Successful,1,2026-01
TXN300211,2026-03-10,CUST10136,CARD20371,Port Harcourt,Classic,ATM,Travel,5288.73,Successful,1,2026-03
TXN300212,2026-04-26,CUST10362,CARD20318,Lagos,Gold,POS,Entertainment,5743.25,Successful,1,2026-04
TXN300213,2026-04-08,CUST10186,CARD20369,Ibadan,Classic,POS,Fuel,3722.93,Successful,1,2026-04
TXN300214,2026-05-19,CUST10144,CARD20384,Lagos,Gold,Online,Travel,2479.26,Successful,1,2026-05
TXN300215,2026-05-24,CUST10072,CARD20062,Ibadan,Classic,Online,Retail,1097.51,Successful,1,2026-05
TXN300216,2026-04-07,CUST10129,CARD20505,Lagos,Classic,POS,Retail,3485.13,Successful,1,2026-04
TXN300217,2026-05-04,CUST10364,CARD20239,Ibadan,Gold,Online,Utilities,66469.51,Successful,1,2026-05
TXN300218,2026-03-11,CUST10261,CARD20195,Abuja,Gold,Online,Entertainment,11879.97,Successful,1,2026-03
TXN300219,2026-04-03,CUST10003,CARD20222,Lagos,Classic,POS,Entertainment,36003.74,Successful,1,2026-04
TXN300220,2026-01-03,CUST10449,CARD20061,Lagos,Gold,Online,Travel,6281.97,Successful,1,2026-01
TXN300221,2026-05-28,CUST10388,CARD20129,Abuja,Classic,Online,Groceries,5571.07,Successful,1,2026-05
TXN300222,2026-06-13,CUST10104,CARD20156,Kano,Gold,POS,Fuel,31991.72,Successful,1,2026-06
TXN300223,2026-05-27,CUST10224,CARD20378,Lagos,Platinum,POS,Travel,10944.69,Successful,1,2026-05
TXN300224,2026-03-31,CUST10320,CARD20586,Lagos,Platinum,Online,Utilities,3773.58,Successful,1,2026-03
TXN300225,2026-05-27,CUST10362,CARD20437,Abuja,Gold,POS,Fuel,13444.62,Successful,1,2026-05
TXN300226,2026-05-28,CUST10354,CARD20207,Abuja,Classic,POS,Dining,22042.06,Successful,1,2026-05
TXN300227,2026-04-06,CUST10010,CARD20388,Abuja,Gold,ATM,Utilities,2585.57,Successful,1,2026-04
TXN300228,2026-02-21,CUST10405,CARD20480,Port Harcourt,Classic,Online,Travel,11751.39,Successful,1,2026-02
TXN300229,2026-06-10,CUST10384,CARD20340,Lagos,Classic,Online,Groceries,2726.08,Successful,1,2026-06
TXN300230,2026-06-17,CUST10302,CARD20340,Kano,Classic,Online,Dining,21107.93,Successful,1,2026-06
TXN300231,2026-05-08,CUST10231,CARD20204,Abuja,Platinum,POS,Utilities,9745.48,Successful,1,2026-05
TXN300232,2026-02-08,CUST10219,CARD20161,Lagos,Platinum,POS,Travel,13409.64,Successful,1,2026-02
TXN300233,2026-03-23,CUST10411,CARD20540,Port Harcourt,Classic,POS,Retail,6809.3,Successful,1,2026-03
TXN300234,2026-04-14,CUST10066,CARD20392,Port Harcourt,Gold,POS,Entertainment,1948.31,Declined,0,2026-04
TXN300235,2026-05-09,CUST10425,CARD20575,Lagos,Gold,Online,Travel,5692.21,Successful,1,2026-05
TXN300236,2026-01-11,CUST10112,CARD20534,Port Harcourt,Classic,Online,Retail,17049.42,Successful,1,2026-01
TXN300237,2026-06-27,CUST10013,CARD20070,Lagos,Classic,Online,Retail,39930.79,Successful,1,2026-06
TXN300238,2026-05-31,CUST10393,CARD20405,Abuja,Gold,POS,Utilities,10156.12,Successful,1,2026-05
TXN300239,2026-06-08,CUST10420,CARD20591,Ibadan,Classic,POS,Travel,4679.37,Successful,1,2026-06
TXN300240,2026-02-11,CUST10086,CARD20517,Lagos,Classic,Online,Entertainment,12438.63,Successful,1,2026-02
TXN300241,2026-04-09,CUST10234,CARD20120,Lagos,Gold,POS,Travel,15865.72,Successful,1,2026-04
TXN300242,2026-01-07,CUST10090,CARD20217,Ibadan,Platinum,POS,Retail,9011.01,Successful,1,2026-01
TXN300243,2026-05-24,CUST10314,CARD20056,Kano,Gold,Online,Fuel,8578.13,Successful,1,2026-05
TXN300244,2026-03-31,CUST10054,CARD20366,Abuja,Gold,POS,Dining,9613.14,Successful,1,2026-03
TXN300245,2026-04-22,CUST10012,CARD20504,Abuja,Classic,POS,Groceries,8390.37,Successful,1,2026-04
TXN300246,2026-03-01,CUST10209,CARD20455,Abuja,Classic,Online,Travel,10282.77,Successful,1,2026-03
TXN300247,2026-04-23,CUST10014,CARD20104,Kano,Gold,POS,Dining,34963.17,Successful,1,2026-04
TXN300248,2026-01-02,CUST10121,CARD20077,Ibadan,Classic,Online,Dining,1592.97,Successful,1,2026-01
TXN300249,2026-05-09,CUST10418,CARD20230,Lagos,Platinum,POS,Fuel,6695.8,Successful,1,2026-05
TXN300250,2026-02-17,CUST10437,CARD20258,Abuja,Classic,POS,Dining,3843.42,Declined,0,2026-02
TXN300251,2026-05-20,CUST10377,CARD20264,Abuja,Classic,POS,Travel,20840.27,Successful,1,2026-05
TXN300252,2026-02-06,CUST10020,CARD20331,Ibadan,Classic,ATM,Utilities,7239.4,Successful,1,2026-02
TXN300253,2026-06-09,CUST10075,CARD20182,Abuja,Platinum,Online,Utilities,12679.78,Successful,1,2026-06
TXN300254,2026-01-09,CUST10400,CARD20550,Port Harcourt,Classic,ATM,Dining,25383.27,Successful,1,2026-01
TXN300255,2026-04-09,CUST10243,CARD20027,Kano,Classic,Online,Travel,3412.47,Successful,1,2026-04
TXN300256,2026-05-27,CUST10223,CARD20276,Lagos,Classic,Online,Travel,5313.39,Successful,1,2026-05
TXN300257,2026-02-17,CUST10070,CARD20299,Lagos,Gold,POS,Retail,23371.34,Successful,1,2026-02
TXN300258,2026-05-11,CUST10312,CARD20091,Lagos,Classic,POS,Fuel,3304.86,Successful,1,2026-05
TXN300259,2026-05-28,CUST10211,CARD20480,Lagos,Classic,POS,Entertainment,5458.75,Declined,0,2026-05
TXN300260,2026-06-01,CUST10101,CARD20573,Lagos,Classic,POS,Groceries,2252.32,Declined,0,2026-06
TXN300261,2026-02-23,CUST10186,CARD20458,Lagos,Gold,POS,Entertainment,24117.44,Successful,1,2026-02
TXN300262,2026-04-30,CUST10132,CARD20451,Port Harcourt,Classic,POS,Retail,5089.85,Successful,1,2026-04
TXN300263,2026-06-10,CUST10111,CARD20365,Ibadan,Classic,POS,Groceries,10731.39,Successful,1,2026-06
TXN300264,2026-06-01,CUST10381,CARD20351,Abuja,Classic,POS,Entertainment,13915.86,Successful,1,2026-06
TXN300265,2026-04-26,CUST10132,CARD20400,Abuja,Gold,POS,Travel,4261.64,Successful,1,2026-04
TXN300266,2026-03-16,CUST10020,CARD20253,Lagos,Gold,Online,Utilities,1766.58,Successful,1,2026-03
TXN300267,2026-04-23,CUST10394,CARD20459,Port Harcourt,Classic,Online,Retail,6798.31,Successful,1,2026-04
TXN300268,2026-06-13,CUST10024,CARD20499,Port Harcourt,Platinum,POS,Entertainment,6709.89,Successful,1,2026-06
TXN300269,2026-06-15,CUST10227,CARD20508,Abuja,Platinum,POS,Dining,7720.21,Successful,1,2026-06
TXN300270,2026-04-14,CUST10154,CARD20304,Lagos,Classic,POS,Dining,7754.38,Successful,1,2026-04
TXN300271,2026-03-25,CUST10293,CARD20501,Lagos,Gold,ATM,Groceries,5436.99,Successful,1,2026-03
TXN300272,2026-04-22,CUST10230,CARD20598,Lagos,Gold,POS,Travel,5270.97,Successful,1,2026-04
TXN300273,2026-04-09,CUST10310,CARD20166,Abuja,Platinum,Online,Utilities,10282.13,Successful,1,2026-04
TXN300274,2026-06-02,CUST10359,CARD20415,Ibadan,Classic,POS,Groceries,4191.92,Successful,1,2026-06
TXN300275,2026-04-03,CUST10405,CARD20462,Ibadan,Classic,POS,Entertainment,7508.13,Successful,1,2026-04
TXN300276,2026-05-26,CUST10202,CARD20114,Abuja,Classic,POS,Entertainment,5164.86,Successful,1,2026-05
TXN300277,2026-05-08,CUST10038,CARD20433,Ibadan,Platinum,POS,Utilities,10264.89,Successful,1,2026-05
TXN300278,2026-04-20,CUST10430,CARD20356,Kano,Classic,Online,Entertainment,19670.22,Successful,1,2026-04
TXN300279,2026-03-23,CUST10260,CARD20207,Lagos,Classic,Online,Fuel,20322.87,Reversed,0,2026-03
TXN300280,2026-02-23,CUST10188,CARD20235,Lagos,Classic,Online,Utilities,22729.81,Successful,1,2026-02
TXN300281,2026-06-12,CUST10057,CARD20442,Kano,Classic,Online,Dining,6202.61,Successful,1,2026-06
TXN300282,2026-06-18,CUST10429,CARD20355,Lagos,Gold,Online,Entertainment,6633.99,Successful,1,2026-06
TXN300283,2026-06-10,CUST10020,CARD20515,Kano,Classic,Online,Entertainment,2936.1,Successful,1,2026-06
TXN300284,2026-03-09,CUST10273,CARD20208,Kano,Classic,POS,Retail,6160.79,Successful,1,2026-03
TXN300285,2026-02-02,CUST10119,CARD20125,Port Harcourt,Platinum,POS,Retail,6339.34,Successful,1,2026-02
TXN300286,2026-05-22,CUST10071,CARD20138,Ibadan,Classic,POS,Retail,4945.74,Successful,1,2026-05
TXN300287,2026-01-21,CUST10004,CARD20339,Port Harcourt,Gold,Online,Utilities,4927.39,Successful,1,2026-01
TXN300288,2026-02-17,CUST10221,CARD20537,Port Harcourt,Classic,POS,Dining,2083.58,Successful,1,2026-02
TXN300289,2026-05-28,CUST10014,CARD20068,Lagos,Classic,Online,Utilities,2769.63,Successful,1,2026-05
TXN300290,2026-05-08,CUST10003,CARD20573,Lagos,Gold,POS,Travel,8397.04,Successful,1,2026-05
TXN300291,2026-05-16,CUST10216,CARD20541,Lagos,Gold,ATM,Dining,8652.98,Successful,1,2026-05
TXN300292,2026-05-15,CUST10229,CARD20383,Port Harcourt,Classic,POS,Dining,11925.62,Successful,1,2026-05
TXN300293,2026-05-25,CUST10336,CARD20019,Lagos,Platinum,POS,Utilities,6587.21,Declined,0,2026-05
TXN300294,2026-05-08,CUST10186,CARD20450,Lagos,Platinum,ATM,Utilities,8178.99,Declined,0,2026-05
TXN300295,2026-02-02,CUST10055,CARD20074,Lagos,Platinum,POS,Retail,22035.45,Successful,1,2026-02
TXN300296,2026-06-25,CUST10388,CARD20573,Port Harcourt,Classic,ATM,Dining,7767.31,Successful,1,2026-06
TXN300297,2026-04-25,CUST10376,CARD20276,Kano,Classic,POS,Retail,4887.05,Successful,1,2026-04
TXN300298,2026-04-29,CUST10254,CARD20048,Kano,Gold,POS,Travel,3125.16,Declined,0,2026-04
TXN300299,2026-01-22,CUST10024,CARD20211,Abuja,Gold,Online,Fuel,15336.39,Successful,1,2026-01
TXN300300,2026-06-07,CUST10162,CARD20540,Ibadan,Classic,ATM,Retail,2074.19,Successful,1,2026-06
TXN300301,2026-02-07,CUST10158,CARD20191,Port Harcourt,Gold,POS,Utilities,4143.37,Successful,1,2026-02
TXN300302,2026-04-19,CUST10082,CARD20315,Abuja,Classic,ATM,Entertainment,11326.08,Successful,1,2026-04
TXN300303,2026-02-20,CUST10403,CARD20563,Abuja,Classic,Online,Groceries,1762.97,Successful,1,2026-02
TXN300304,2026-01-08,CUST10159,CARD20562,Lagos,Classic,Online,Fuel,4956.8,Successful,1,2026-01
TXN300305,2026-01-27,CUST10188,CARD20113,Kano,Gold,POS,Travel,8985.2,Successful,1,2026-01
TXN300306,2026-01-27,CUST10060,CARD20170,Lagos,Classic,POS,Entertainment,5963.01,Successful,1,2026-01
TXN300307,2026-01-21,CUST10403,CARD20468,Abuja,Gold,ATM,Utilities,3691.72,Successful,1,2026-01
TXN300308,2026-01-30,CUST10305,CARD20014,Port Harcourt,Gold,ATM,Fuel,5040.42,Successful,1,2026-01
TXN300309,2026-04-07,CUST10319,CARD20288,Lagos,Gold,Online,Utilities,15577.57,Successful,1,2026-04
TXN300310,2026-01-28,CUST10366,CARD20189,Lagos,Platinum,POS,Retail,35070.02,Successful,1,2026-01
TXN300311,2026-04-21,CUST10211,CARD20155,Port Harcourt,Gold,POS,Entertainment,9059.7,Successful,1,2026-04
TXN300312,2026-03-02,CUST10406,CARD20567,Lagos,Platinum,Online,Utilities,1651.39,Successful,1,2026-03
TXN300313,2026-02-17,CUST10152,CARD20471,Port Harcourt,Classic,POS,Entertainment,12765.25,Successful,1,2026-02
TXN300314,2026-05-27,CUST10109,CARD20075,Abuja,Classic,POS,Travel,5901.09,Successful,1,2026-05
TXN300315,2026-01-04,CUST10076,CARD20277,Abuja,Classic,POS,Groceries,3373.35,Successful,1,2026-01
TXN300316,2026-02-04,CUST10030,CARD20343,Port Harcourt,Classic,Online,Retail,4271.76,Successful,1,2026-02
TXN300317,2026-02-18,CUST10314,CARD20425,Abuja,Gold,POS,Retail,4419.44,Successful,1,2026-02
TXN300318,2026-01-17,CUST10117,CARD20571,Abuja,Classic,Online,Entertainment,2621.03,Successful,1,2026-01
TXN300319,2026-06-21,CUST10415,CARD20511,Port Harcourt,Classic,Online,Travel,7704.39,Successful,1,2026-06
TXN300320,2026-06-07,CUST10356,CARD20182,Port Harcourt,Gold,Online,Travel,34979.5,Successful,1,2026-06
TXN300321,2026-02-15,CUST10192,CARD20458,Port Harcourt,Gold,POS,Fuel,3363.2,Successful,1,2026-02
TXN300322,2026-04-27,CUST10019,CARD20064,Ibadan,Classic,POS,Groceries,34128.14,Successful,1,2026-04
TXN300323,2026-01-06,CUST10432,CARD20260,Lagos,Gold,Online,Utilities,9571.0,Successful,1,2026-01
TXN300324,2026-04-09,CUST10173,CARD20193,Lagos,Classic,Online,Fuel,7522.71,Successful,1,2026-04
TXN300325,2026-05-04,CUST10228,CARD20406,Kano,Classic,Online,Utilities,6263.11,Successful,1,2026-05
TXN300326,2026-02-06,CUST10350,CARD20093,Lagos,Gold,ATM,Utilities,4251.74,Successful,1,2026-02
TXN300327,2026-01-24,CUST10183,CARD20430,Lagos,Gold,Online,Utilities,10234.12,Reversed,0,2026-01
TXN300328,2026-04-03,CUST10113,CARD20434,Abuja,Classic,Online,Fuel,12302.81,Successful,1,2026-04
TXN300329,2026-02-15,CUST10183,CARD20404,Lagos,Platinum,POS,Retail,1164.31,Successful,1,2026-02
TXN300330,2026-06-30,CUST10146,CARD20434,Lagos,Classic,POS,Travel,61971.55,Successful,1,2026-06
TXN300331,2026-04-05,CUST10319,CARD20112,Kano,Classic,Online,Retail,1903.05,Successful,1,2026-04
TXN300332,2026-04-09,CUST10116,CARD20375,Abuja,Classic,POS,Groceries,5335.5,Successful,1,2026-04
TXN300333,2026-04-26,CUST10113,CARD20059,Lagos,Gold,Online,Fuel,1046.67,Successful,1,2026-04
TXN300334,2026-06-09,CUST10251,CARD20043,Kano,Gold,POS,Groceries,6539.87,Successful,1,2026-06
TXN300335,2026-06-10,CUST10251,CARD20207,Kano,Classic,Online,Travel,5601.72,Successful,1,2026-06
TXN300336,2026-03-08,CUST10303,CARD20296,Abuja,Classic,POS,Travel,5381.09,Successful,1,2026-03
TXN300337,2026-05-08,CUST10313,CARD20118,Lagos,Gold,POS,Dining,10336.81,Successful,1,2026-05
TXN300338,2026-01-18,CUST10118,CARD20532,Ibadan,Classic,ATM,Groceries,6667.17,Successful,1,2026-01
TXN300339,2026-01-25,CUST10301,CARD20222,Port Harcourt,Classic,POS,Retail,12465.69,Successful,1,2026-01
TXN300340,2026-02-23,CUST10161,CARD20166,Port Harcourt,Gold,POS,Entertainment,3011.32,Successful,1,2026-02
TXN300341,2026-02-27,CUST10401,CARD20156,Ibadan,Classic,POS,Groceries,8620.57,Successful,1,2026-02
TXN300342,2026-03-08,CUST10198,CARD20184,Port Harcourt,Platinum,ATM,Fuel,4888.57,Successful,1,2026-03
TXN300343,2026-04-14,CUST10260,CARD20090,Lagos,Classic,Online,Travel,6025.34,Successful,1,2026-04
TXN300344,2026-06-23,CUST10148,CARD20094,Port Harcourt,Gold,Online,Travel,10059.56,Successful,1,2026-06
TXN300345,2026-01-24,CUST10240,CARD20013,Lagos,Classic,POS,Groceries,5412.98,Successful,1,2026-01
TXN300346,2026-04-24,CUST10047,CARD20438,Port Harcourt,Platinum,Online,Groceries,7449.24,Successful,1,2026-04
TXN300347,2026-02-01,CUST10399,CARD20538,Abuja,Classic,POS,Utilities,3218.28,Successful,1,2026-02
TXN300348,2026-06-24,CUST10198,CARD20587,Lagos,Gold,Online,Groceries,19465.71,Successful,1,2026-06
TXN300349,2026-03-27,CUST10047,CARD20150,Abuja,Gold,Online,Utilities,14512.35,Successful,1,2026-03
TXN300350,2026-05-31,CUST10078,CARD20008,Lagos,Classic,Online,Fuel,8777.85,Successful,1,2026-05
TXN300351,2026-05-07,CUST10124,CARD20029,Lagos,Classic,Online,Fuel,6673.31,Declined,0,2026-05
TXN300352,2026-06-04,CUST10075,CARD20296,Abuja,Gold,Online,Retail,7453.97,Successful,1,2026-06
TXN300353,2026-05-10,CUST10359,CARD20340,Lagos,Platinum,Online,Groceries,19133.93,Successful,1,2026-05
TXN300354,2026-01-17,CUST10137,CARD20439,Port Harcourt,Classic,POS,Retail,13712.79,Successful,1,2026-01
TXN300355,2026-04-14,CUST10090,CARD20144,Lagos,Classic,Online,Entertainment,19393.16,Successful,1,2026-04
TXN300356,2026-06-10,CUST10400,CARD20519,Port Harcourt,Gold,POS,Dining,6164.04,Declined,0,2026-06
TXN300357,2026-05-17,CUST10325,CARD20045,Ibadan,Classic,POS,Fuel,11928.9,Declined,0,2026-05
TXN300358,2026-02-12,CUST10061,CARD20239,Port Harcourt,Platinum,POS,Travel,20971.91,Successful,1,2026-02
TXN300359,2026-06-25,CUST10138,CARD20155,Abuja,Gold,POS,Utilities,3862.55,Successful,1,2026-06
TXN300360,2026-02-08,CUST10050,CARD20181,Kano,Gold,POS,Dining,3673.01,Successful,1,2026-02
TXN300361,2026-06-19,CUST10259,CARD20215,Lagos,Classic,Online,Travel,10098.72,Successful,1,2026-06
TXN300362,2026-01-26,CUST10107,CARD20088,Lagos,Classic,POS,Dining,3017.09,Successful,1,2026-01
TXN300363,2026-04-09,CUST10113,CARD20256,Abuja,Gold,POS,Retail,1895.69,Successful,1,2026-04
TXN300364,2026-02-19,CUST10350,CARD20511,Lagos,Platinum,Online,Retail,20737.87,Successful,1,2026-02
TXN300365,2026-06-02,CUST10254,CARD20073,Kano,Platinum,POS,Utilities,23839.97,Successful,1,2026-06
TXN300366,2026-06-01,CUST10118,CARD20179,Lagos,Classic,Online,Fuel,3152.6,Successful,1,2026-06
TXN300367,2026-01-13,CUST10198,CARD20212,Ibadan,Classic,Online,Entertainment,2577.08,Reversed,0,2026-01
TXN300368,2026-03-01,CUST10337,CARD20234,Port Harcourt,Classic,ATM,Utilities,4805.17,Declined,0,2026-03
TXN300369,2026-05-15,CUST10365,CARD20465,Lagos,Platinum,Online,Entertainment,22076.01,Successful,1,2026-05
TXN300370,2026-02-26,CUST10051,CARD20223,Port Harcourt,Classic,POS,Travel,5833.71,Successful,1,2026-02
TXN300371,2026-02-05,CUST10245,CARD20264,Lagos,Classic,POS,Dining,8740.79,Successful,1,2026-02
TXN300372,2026-06-22,CUST10403,CARD20207,Abuja,Classic,POS,Utilities,10508.48,Successful,1,2026-06
TXN300373,2026-01-20,CUST10426,CARD20366,Lagos,Classic,ATM,Entertainment,9312.18,Successful,1,2026-01
TXN300374,2026-03-06,CUST10035,CARD20276,Kano,Platinum,POS,Groceries,26775.88,Successful,1,2026-03
TXN300375,2026-01-08,CUST10302,CARD20380,Kano,Classic,POS,Groceries,4555.48,Declined,0,2026-01
TXN300376,2026-05-24,CUST10410,CARD20309,Lagos,Classic,POS,Fuel,7466.9,Successful,1,2026-05
TXN300377,2026-05-22,CUST10069,CARD20268,Lagos,Classic,Online,Entertainment,9758.95,Successful,1,2026-05
TXN300378,2026-04-25,CUST10349,CARD20064,Port Harcourt,Classic,POS,Utilities,7791.62,Successful,1,2026-04
TXN300379,2026-05-23,CUST10320,CARD20350,Lagos,Classic,ATM,Travel,3055.56,Successful,1,2026-05
TXN300380,2026-04-02,CUST10421,CARD20494,Ibadan,Classic,POS,Groceries,2494.82,Successful,1,2026-04
TXN300381,2026-04-08,CUST10049,CARD20523,Abuja,Gold,POS,Fuel,2453.37,Successful,1,2026-04
TXN300382,2026-03-07,CUST10405,CARD20098,Lagos,Classic,POS,Utilities,14486.95,Reversed,0,2026-03
TXN300383,2026-02-01,CUST10074,CARD20071,Ibadan,Classic,Online,Fuel,4203.52,Successful,1,2026-02
TXN300384,2026-03-27,CUST10192,CARD20364,Abuja,Classic,Online,Travel,11794.87,Successful,1,2026-03
TXN300385,2026-02-20,CUST10261,CARD20570,Kano,Gold,POS,Groceries,8685.36,Successful,1,2026-02
TXN300386,2026-06-02,CUST10356,CARD20276,Kano,Gold,POS,Groceries,3714.93,Successful,1,2026-06
TXN300387,2026-03-04,CUST10070,CARD20050,Lagos,Gold,Online,Groceries,3789.85,Successful,1,2026-03
TXN300388,2026-05-05,CUST10090,CARD20358,Lagos,Gold,POS,Entertainment,9020.1,Successful,1,2026-05
TXN300389,2026-05-30,CUST10260,CARD20564,Kano,Gold,POS,Retail,8622.65,Successful,1,2026-05
TXN300390,2026-02-27,CUST10126,CARD20485,Kano,Classic,POS,Entertainment,12011.57,Successful,1,2026-02
TXN300391,2026-02-27,CUST10231,CARD20084,Lagos,Platinum,POS,Groceries,5619.49,Successful,1,2026-02
TXN300392,2026-03-27,CUST10295,CARD20584,Ibadan,Classic,POS,Dining,4115.99,Successful,1,2026-03
TXN300393,2026-02-18,CUST10419,CARD20296,Abuja,Classic,POS,Retail,8847.55,Successful,1,2026-02
TXN300394,2026-06-29,CUST10129,CARD20236,Lagos,Gold,POS,Utilities,25233.69,Successful,1,2026-06
TXN300395,2026-06-19,CUST10280,CARD20056,Ibadan,Classic,Online,Entertainment,1805.62,Successful,1,2026-06
TXN300396,2026-03-11,CUST10313,CARD20360,Lagos,Platinum,POS,Retail,4275.93,Successful,1,2026-03
TXN300397,2026-01-15,CUST10100,CARD20110,Kano,Classic,Online,Retail,12995.42,Successful,1,2026-01
TXN300398,2026-02-23,CUST10326,CARD20192,Lagos,Platinum,POS,Entertainment,9635.3,Successful,1,2026-02
TXN300399,2026-04-11,CUST10297,CARD20093,Abuja,Gold,Online,Entertainment,13147.88,Successful,1,2026-04
TXN300400,2026-01-08,CUST10182,CARD20568,Lagos,Platinum,POS,Retail,5746.1,Successful,1,2026-01
TXN300401,2026-02-22,CUST10174,CARD20060,Abuja,Platinum,Online,Fuel,2231.58,Successful,1,2026-02
TXN300402,2026-03-01,CUST10316,CARD20039,Port Harcourt,Platinum,POS,Dining,30859.32,Successful,1,2026-03
TXN300403,2026-04-18,CUST10364,CARD20540,Lagos,Gold,ATM,Travel,19284.73,Successful,1,2026-04
TXN300404,2026-01-05,CUST10188,CARD20049,Abuja,Classic,POS,Groceries,7947.86,Successful,1,2026-01
TXN300405,2026-04-13,CUST10057,CARD20420,Abuja,Classic,POS,Entertainment,4132.64,Successful,1,2026-04
TXN300406,2026-01-06,CUST10031,CARD20013,Lagos,Gold,ATM,Retail,5472.8,Successful,1,2026-01
TXN300407,2026-04-19,CUST10084,CARD20036,Ibadan,Platinum,Online,Travel,9732.9,Successful,1,2026-04
TXN300408,2026-04-26,CUST10152,CARD20101,Lagos,Gold,POS,Entertainment,6625.59,Successful,1,2026-04
TXN300409,2026-04-04,CUST10036,CARD20086,Abuja,Platinum,ATM,Fuel,8009.64,Successful,1,2026-04
TXN300410,2026-02-16,CUST10213,CARD20516,Abuja,Gold,POS,Travel,29381.18,Successful,1,2026-02
TXN300411,2026-04-09,CUST10414,CARD20223,Abuja,Classic,POS,Retail,16965.55,Successful,1,2026-04
TXN300412,2026-02-24,CUST10408,CARD20338,Lagos,Classic,ATM,Utilities,3176.0,Successful,1,2026-02
TXN300413,2026-06-17,CUST10364,CARD20166,Abuja,Classic,POS,Dining,8617.37,Successful,1,2026-06
TXN300414,2026-02-21,CUST10106,CARD20383,Abuja,Classic,Online,Travel,5343.89,Successful,1,2026-02
TXN300415,2026-05-24,CUST10414,CARD20376,Port Harcourt,Gold,POS,Entertainment,10284.1,Successful,1,2026-05
TXN300416,2026-01-13,CUST10342,CARD20471,Ibadan,Platinum,Online,Retail,7702.77,Successful,1,2026-01
TXN300417,2026-04-24,CUST10220,CARD20031,Abuja,Gold,Online,Entertainment,87043.13,Declined,0,2026-04
TXN300418,2026-05-04,CUST10391,CARD20375,Lagos,Classic,ATM,Retail,11423.29,Successful,1,2026-05
TXN300419,2026-04-16,CUST10163,CARD20011,Lagos,Classic,Online,Groceries,7278.3,Successful,1,2026-04
TXN300420,2026-06-07,CUST10439,CARD20302,Lagos,Classic,POS,Utilities,35397.8,Successful,1,2026-06
TXN300421,2026-05-27,CUST10220,CARD20096,Lagos,Classic,Online,Groceries,9551.37,Successful,1,2026-05
TXN300422,2026-05-25,CUST10270,CARD20190,Lagos,Classic,POS,Utilities,2404.32,Reversed,0,2026-05
TXN300423,2026-04-30,CUST10120,CARD20453,Lagos,Classic,Online,Dining,7335.22,Successful,1,2026-04
TXN300424,2026-03-04,CUST10394,CARD20192,Lagos,Classic,Online,Groceries,13239.53,Successful,1,2026-03
TXN300425,2026-01-19,CUST10336,CARD20486,Lagos,Classic,Online,Dining,11939.69,Successful,1,2026-01
TXN300426,2026-04-02,CUST10400,CARD20266,Lagos,Platinum,Online,Entertainment,18108.56,Successful,1,2026-04
TXN300427,2026-02-27,CUST10182,CARD20424,Lagos,Classic,POS,Fuel,9163.41,Successful,1,2026-02
TXN300428,2026-03-31,CUST10106,CARD20128,Lagos,Classic,Online,Fuel,8660.16,Successful,1,2026-03
TXN300429,2026-04-27,CUST10217,CARD20238,Abuja,Classic,POS,Utilities,2638.64,Successful,1,2026-04
TXN300430,2026-03-03,CUST10205,CARD20355,Abuja,Classic,Online,Utilities,27521.91,Successful,1,2026-03
TXN300431,2026-01-23,CUST10070,CARD20112,Lagos,Gold,POS,Groceries,6345.6,Successful,1,2026-01
TXN300432,2026-05-07,CUST10044,CARD20446,Abuja,Gold,Online,Fuel,3701.05,Successful,1,2026-05
TXN300433,2026-05-17,CUST10329,CARD20343,Lagos,Classic,POS,Travel,66325.27,Successful,1,2026-05
TXN300434,2026-05-20,CUST10301,CARD20145,Lagos,Gold,Online,Travel,31072.19,Successful,1,2026-05
TXN300435,2026-05-09,CUST10228,CARD20065,Lagos,Classic,POS,Entertainment,5663.52,Successful,1,2026-05
TXN300436,2026-02-27,CUST10184,CARD20247,Abuja,Gold,Online,Travel,1799.86,Successful,1,2026-02
TXN300437,2026-05-02,CUST10107,CARD20490,Port Harcourt,Classic,POS,Entertainment,4560.66,Successful,1,2026-05
TXN300438,2026-01-01,CUST10084,CARD20439,Lagos,Classic,Online,Fuel,28661.46,Declined,0,2026-01
TXN300439,2026-02-03,CUST10338,CARD20106,Lagos,Gold,POS,Travel,9333.55,Successful,1,2026-02
TXN300440,2026-04-06,CUST10250,CARD20181,Ibadan,Gold,Online,Dining,2753.01,Declined,0,2026-04
TXN300441,2026-05-06,CUST10363,CARD20184,Lagos,Gold,POS,Retail,15171.67,Successful,1,2026-05
TXN300442,2026-04-28,CUST10441,CARD20226,Lagos,Classic,Online,Utilities,6850.75,Successful,1,2026-04
TXN300443,2026-02-17,CUST10021,CARD20089,Ibadan,Classic,POS,Groceries,4822.46,Successful,1,2026-02
TXN300444,2026-03-30,CUST10196,CARD20530,Ibadan,Platinum,Online,Entertainment,5124.19,Successful,1,2026-03
TXN300445,2026-04-27,CUST10178,CARD20371,Abuja,Classic,POS,Dining,23042.92,Successful,1,2026-04
TXN300446,2026-05-09,CUST10417,CARD20399,Abuja,Classic,POS,Travel,12547.91,Successful,1,2026-05
TXN300447,2026-01-16,CUST10007,CARD20106,Lagos,Classic,Online,Retail,2467.98,Successful,1,2026-01
TXN300448,2026-03-10,CUST10070,CARD20271,Lagos,Classic,POS,Groceries,10869.88,Successful,1,2026-03
TXN300449,2026-01-22,CUST10127,CARD20503,Abuja,Classic,POS,Dining,8831.61,Successful,1,2026-01
TXN300450,2026-04-03,CUST10399,CARD20525,Lagos,Classic,ATM,Groceries,5788.76,Successful,1,2026-04
TXN300451,2026-03-17,CUST10160,CARD20032,Abuja,Classic,ATM,Entertainment,6038.16,Successful,1,2026-03
TXN300452,2026-06-03,CUST10248,CARD20393,Kano,Platinum,Online,Entertainment,4056.02,Successful,1,2026-06
TXN300453,2026-05-24,CUST10203,CARD20040,Kano,Classic,POS,Utilities,4769.41,Successful,1,2026-05
TXN300454,2026-06-28,CUST10148,CARD20218,Lagos,Classic,POS,Fuel,10216.7,Reversed,0,2026-06
TXN300455,2026-03-27,CUST10143,CARD20082,Port Harcourt,Gold,Online,Entertainment,6489.52,Successful,1,2026-03
TXN300456,2026-01-29,CUST10432,CARD20201,Abuja,Gold,POS,Travel,12538.33,Successful,1,2026-01
TXN300457,2026-03-10,CUST10199,CARD20447,Ibadan,Classic,ATM,Dining,4324.35,Successful,1,2026-03
TXN300458,2026-02-16,CUST10405,CARD20428,Lagos,Gold,POS,Dining,14271.16,Successful,1,2026-02
TXN300459,2026-04-04,CUST10426,CARD20038,Lagos,Classic,ATM,Retail,23191.84,Successful,1,2026-04
TXN300460,2026-05-24,CUST10154,CARD20211,Lagos,Gold,Online,Retail,8059.23,Successful,1,2026-05
TXN300461,2026-06-25,CUST10376,CARD20444,Lagos,Classic,Online,Retail,12289.51,Successful,1,2026-06
TXN300462,2026-03-26,CUST10384,CARD20327,Lagos,Classic,POS,Groceries,12679.15,Successful,1,2026-03
TXN300463,2026-02-08,CUST10142,CARD20227,Ibadan,Platinum,ATM,Travel,5422.55,Successful,1,2026-02
TXN300464,2026-04-10,CUST10313,CARD20048,Port Harcourt,Gold,POS,Groceries,12716.96,Declined,0,2026-04
TXN300465,2026-02-02,CUST10165,CARD20018,Lagos,Classic,Online,Travel,1319.82,Successful,1,2026-02
TXN300466,2026-04-11,CUST10314,CARD20439,Abuja,Classic,Online,Dining,959.82,Successful,1,2026-04
TXN300467,2026-01-23,CUST10021,CARD20187,Lagos,Classic,POS,Entertainment,6225.55,Successful,1,2026-01
TXN300468,2026-01-10,CUST10082,CARD20345,Ibadan,Gold,POS,Entertainment,13450.51,Successful,1,2026-01
TXN300469,2026-03-10,CUST10069,CARD20224,Kano,Classic,Online,Groceries,7570.07,Declined,0,2026-03
TXN300470,2026-04-10,CUST10131,CARD20488,Kano,Classic,POS,Groceries,14716.12,Successful,1,2026-04
TXN300471,2026-02-03,CUST10087,CARD20229,Ibadan,Classic,Online,Groceries,3098.31,Successful,1,2026-02
TXN300472,2026-06-29,CUST10218,CARD20390,Lagos,Gold,POS,Fuel,16420.26,Successful,1,2026-06
TXN300473,2026-05-18,CUST10421,CARD20589,Lagos,Gold,POS,Utilities,29823.44,Successful,1,2026-05
TXN300474,2026-05-27,CUST10305,CARD20188,Abuja,Gold,Online,Travel,4641.87,Successful,1,2026-05
TXN300475,2026-04-06,CUST10403,CARD20270,Kano,Classic,Online,Entertainment,15014.91,Successful,1,2026-04
TXN300476,2026-01-01,CUST10371,CARD20310,Lagos,Platinum,POS,Travel,8252.36,Successful,1,2026-01
TXN300477,2026-03-10,CUST10345,CARD20132,Lagos,Gold,ATM,Groceries,11538.82,Successful,1,2026-03
TXN300478,2026-01-04,CUST10341,CARD20551,Ibadan,Platinum,Online,Fuel,29775.74,Successful,1,2026-01
TXN300479,2026-01-16,CUST10384,CARD20072,Lagos,Classic,Online,Groceries,10528.52,Successful,1,2026-01
TXN300480,2026-01-24,CUST10396,CARD20187,Lagos,Classic,POS,Travel,14936.36,Successful,1,2026-01
TXN300481,2026-03-21,CUST10445,CARD20486,Port Harcourt,Gold,POS,Utilities,2950.01,Successful,1,2026-03
TXN300482,2026-01-02,CUST10425,CARD20191,Lagos,Classic,Online,Entertainment,14572.81,Successful,1,2026-01
TXN300483,2026-05-08,CUST10161,CARD20422,Lagos,Classic,Online,Utilities,29378.13,Successful,1,2026-05
TXN300484,2026-06-09,CUST10178,CARD20120,Port Harcourt,Gold,POS,Dining,3870.73,Declined,0,2026-06
TXN300485,2026-03-25,CUST10117,CARD20220,Port Harcourt,Gold,Online,Fuel,6257.78,Successful,1,2026-03
TXN300486,2026-06-01,CUST10196,CARD20053,Kano,Platinum,POS,Utilities,14029.27,Successful,1,2026-06
TXN300487,2026-05-20,CUST10383,CARD20451,Lagos,Gold,POS,Fuel,11593.82,Successful,1,2026-05
TXN300488,2026-06-27,CUST10327,CARD20412,Lagos,Classic,Online,Groceries,2730.44,Successful,1,2026-06
TXN300489,2026-06-12,CUST10086,CARD20237,Port Harcourt,Classic,Online,Dining,9245.84,Successful,1,2026-06
TXN300490,2026-05-04,CUST10289,CARD20406,Abuja,Classic,POS,Travel,6209.62,Successful,1,2026-05
TXN300491,2026-02-02,CUST10081,CARD20422,Lagos,Classic,Online,Utilities,3733.4,Successful,1,2026-02
TXN300492,2026-06-10,CUST10152,CARD20247,Ibadan,Classic,ATM,Utilities,23989.7,Successful,1,2026-06
TXN300493,2026-06-28,CUST10061,CARD20072,Lagos,Classic,Online,Retail,8138.56,Successful,1,2026-06
TXN300494,2026-06-20,CUST10061,CARD20185,Lagos,Gold,Online,Entertainment,17790.84,Successful,1,2026-06
TXN300495,2026-04-11,CUST10354,CARD20006,Lagos,Gold,POS,Travel,3169.31,Successful,1,2026-04
TXN300496,2026-01-12,CUST10028,CARD20206,Lagos,Platinum,POS,Utilities,12979.89,Successful,1,2026-01
TXN300497,2026-03-08,CUST10442,CARD20544,Lagos,Gold,POS,Utilities,18946.07,Successful,1,2026-03
TXN300498,2026-03-06,CUST10043,CARD20387,Abuja,Gold,Online,Travel,6676.05,Successful,1,2026-03
TXN300499,2026-06-10,CUST10169,CARD20076,Port Harcourt,Gold,Online,Dining,5443.93,Declined,0,2026-06
TXN300500,2026-06-17,CUST10423,CARD20177,Kano,Platinum,POS,Fuel,2854.3,Successful,1,2026-06
TXN300501,2026-03-15,CUST10086,CARD20349,Lagos,Gold,POS,Travel,4046.3,Successful,1,2026-03
TXN300502,2026-02-12,CUST10177,CARD20255,Lagos,Platinum,POS,Fuel,5641.43,Successful,1,2026-02
TXN300503,2026-02-13,CUST10017,CARD20308,Lagos,Platinum,POS,Dining,3711.8,Successful,1,2026-02
TXN300504,2026-01-29,CUST10098,CARD20345,Lagos,Platinum,ATM,Dining,4383.67,Successful,1,2026-01
TXN300505,2026-05-21,CUST10198,CARD20127,Port Harcourt,Classic,Online,Groceries,9195.57,Declined,0,2026-05
TXN300506,2026-01-12,CUST10098,CARD20287,Port Harcourt,Classic,POS,Retail,10119.61,Successful,1,2026-01
TXN300507,2026-04-05,CUST10065,CARD20596,Ibadan,Classic,Online,Dining,19393.17,Successful,1,2026-04
TXN300508,2026-02-15,CUST10330,CARD20487,Lagos,Classic,Online,Dining,4405.38,Successful,1,2026-02
TXN300509,2026-05-10,CUST10341,CARD20383,Lagos,Classic,Online,Fuel,8254.78,Successful,1,2026-05
TXN300510,2026-02-04,CUST10005,CARD20406,Abuja,Classic,POS,Dining,5801.33,Successful,1,2026-02
TXN300511,2026-03-22,CUST10002,CARD20388,Lagos,Classic,POS,Travel,5482.45,Successful,1,2026-03
TXN300512,2026-03-31,CUST10022,CARD20525,Abuja,Classic,POS,Groceries,6292.34,Successful,1,2026-03
TXN300513,2026-01-08,CUST10112,CARD20557,Kano,Gold,Online,Groceries,6926.15,Successful,1,2026-01
TXN300514,2026-04-03,CUST10057,CARD20276,Lagos,Classic,Online,Travel,9900.27,Reversed,0,2026-04
TXN300515,2026-06-03,CUST10066,CARD20500,Port Harcourt,Gold,Online,Utilities,6221.17,Successful,1,2026-06
TXN300516,2026-03-31,CUST10330,CARD20337,Abuja,Gold,POS,Dining,21630.61,Successful,1,2026-03
TXN300517,2026-06-11,CUST10098,CARD20481,Lagos,Gold,POS,Entertainment,2072.44,Successful,1,2026-06
TXN300518,2026-04-25,CUST10144,CARD20273,Abuja,Platinum,POS,Retail,18829.18,Successful,1,2026-04
TXN300519,2026-04-15,CUST10368,CARD20058,Lagos,Classic,ATM,Dining,6034.19,Successful,1,2026-04
TXN300520,2026-05-15,CUST10435,CARD20328,Lagos,Classic,POS,Groceries,6966.96,Successful,1,2026-05
TXN300521,2026-02-27,CUST10125,CARD20109,Port Harcourt,Classic,POS,Retail,8040.99,Successful,1,2026-02
TXN300522,2026-04-24,CUST10167,CARD20279,Ibadan,Classic,ATM,Entertainment,14250.02,Successful,1,2026-04
TXN300523,2026-03-16,CUST10086,CARD20328,Lagos,Gold,Online,Utilities,4006.87,Successful,1,2026-03
TXN300524,2026-06-06,CUST10076,CARD20315,Lagos,Classic,Online,Fuel,4791.09,Successful,1,2026-06
TXN300525,2026-04-30,CUST10344,CARD20474,Ibadan,Classic,POS,Fuel,12093.79,Declined,0,2026-04
TXN300526,2026-06-13,CUST10424,CARD20111,Ibadan,Classic,Online,Entertainment,2082.78,Successful,1,2026-06
TXN300527,2026-01-21,CUST10294,CARD20229,Port Harcourt,Classic,POS,Dining,7884.6,Successful,1,2026-01
TXN300528,2026-06-13,CUST10444,CARD20497,Lagos,Gold,Online,Dining,4280.46,Successful,1,2026-06
TXN300529,2026-05-18,CUST10059,CARD20156,Kano,Gold,POS,Retail,3617.06,Successful,1,2026-05
TXN300530,2026-04-11,CUST10138,CARD20473,Lagos,Classic,POS,Retail,2184.69,Successful,1,2026-04
TXN300531,2026-06-01,CUST10099,CARD20272,Port Harcourt,Classic,Online,Utilities,15030.57,Declined,0,2026-06
TXN300532,2026-06-26,CUST10192,CARD20002,Lagos,Classic,Online,Dining,9200.94,Successful,1,2026-06
TXN300533,2026-04-09,CUST10243,CARD20511,Port Harcourt,Classic,Online,Groceries,4732.34,Successful,1,2026-04
TXN300534,2026-02-05,CUST10319,CARD20286,Lagos,Platinum,POS,Fuel,7103.58,Reversed,0,2026-02
TXN300535,2026-04-06,CUST10049,CARD20013,Abuja,Classic,POS,Utilities,3380.21,Successful,1,2026-04
TXN300536,2026-06-01,CUST10448,CARD20498,Lagos,Gold,Online,Retail,5276.67,Successful,1,2026-06
TXN300537,2026-05-31,CUST10032,CARD20238,Lagos,Platinum,Online,Groceries,6914.13,Successful,1,2026-05
TXN300538,2026-02-06,CUST10391,CARD20094,Port Harcourt,Classic,ATM,Dining,8528.43,Successful,1,2026-02
TXN300539,2026-01-12,CUST10277,CARD20338,Ibadan,Classic,Online,Travel,11088.36,Successful,1,2026-01
TXN300540,2026-04-23,CUST10020,CARD20171,Kano,Platinum,Online,Retail,1910.88,Successful,1,2026-04
TXN300541,2026-01-13,CUST10154,CARD20567,Lagos,Gold,Online,Utilities,11116.0,Successful,1,2026-01
TXN300542,2026-01-23,CUST10383,CARD20467,Port Harcourt,Classic,POS,Travel,2037.75,Successful,1,2026-01
TXN300543,2026-04-09,CUST10068,CARD20143,Port Harcourt,Gold,POS,Groceries,11444.07,Successful,1,2026-04
TXN300544,2026-04-15,CUST10366,CARD20201,Lagos,Gold,POS,Entertainment,6831.85,Successful,1,2026-04
TXN300545,2026-01-30,CUST10372,CARD20180,Lagos,Classic,POS,Fuel,19402.71,Successful,1,2026-01
TXN300546,2026-01-17,CUST10214,CARD20364,Port Harcourt,Platinum,Online,Entertainment,4724.05,Successful,1,2026-01
TXN300547,2026-04-23,CUST10143,CARD20479,Kano,Classic,Online,Entertainment,15133.59,Successful,1,2026-04
TXN300548,2026-03-03,CUST10376,CARD20565,Port Harcourt,Classic,Online,Entertainment,3184.61,Successful,1,2026-03
TXN300549,2026-03-25,CUST10232,CARD20471,Abuja,Platinum,POS,Groceries,8819.41,Successful,1,2026-03
TXN300550,2026-04-22,CUST10213,CARD20384,Abuja,Gold,POS,Fuel,1587.0,Successful,1,2026-04
TXN300551,2026-03-27,CUST10079,CARD20417,Lagos,Classic,POS,Groceries,16423.2,Successful,1,2026-03
TXN300552,2026-05-21,CUST10214,CARD20308,Port Harcourt,Classic,Online,Entertainment,32257.27,Successful,1,2026-05
TXN300553,2026-01-19,CUST10116,CARD20367,Port Harcourt,Gold,POS,Retail,4635.14,Successful,1,2026-01
TXN300554,2026-06-26,CUST10092,CARD20001,Lagos,Gold,Online,Entertainment,8938.33,Declined,0,2026-06
TXN300555,2026-04-10,CUST10270,CARD20044,Ibadan,Gold,POS,Retail,11557.27,Successful,1,2026-04
TXN300556,2026-05-20,CUST10411,CARD20098,Lagos,Platinum,POS,Utilities,2344.43,Successful,1,2026-05
TXN300557,2026-05-27,CUST10381,CARD20265,Kano,Platinum,Online,Entertainment,4450.25,Successful,1,2026-05
TXN300558,2026-03-17,CUST10168,CARD20140,Lagos,Classic,Online,Travel,4235.23,Declined,0,2026-03
TXN300559,2026-01-09,CUST10058,CARD20481,Lagos,Classic,POS,Groceries,55584.01,Successful,1,2026-01
TXN300560,2026-01-28,CUST10284,CARD20237,Lagos,Classic,Online,Entertainment,18706.79,Successful,1,2026-01
TXN300561,2026-05-08,CUST10026,CARD20072,Abuja,Gold,ATM,Groceries,6811.27,Successful,1,2026-05
TXN300562,2026-02-21,CUST10369,CARD20190,Lagos,Gold,ATM,Entertainment,15111.82,Successful,1,2026-02
TXN300563,2026-03-24,CUST10447,CARD20268,Abuja,Classic,Online,Travel,9595.02,Successful,1,2026-03
TXN300564,2026-04-21,CUST10066,CARD20321,Abuja,Classic,Online,Entertainment,13022.45,Successful,1,2026-04
TXN300565,2026-05-24,CUST10409,CARD20107,Port Harcourt,Classic,POS,Dining,3488.37,Declined,0,2026-05
TXN300566,2026-04-27,CUST10248,CARD20232,Lagos,Classic,Online,Utilities,24311.41,Successful,1,2026-04
TXN300567,2026-03-10,CUST10254,CARD20042,Abuja,Classic,POS,Groceries,4384.4,Declined,0,2026-03
TXN300568,2026-04-09,CUST10387,CARD20139,Lagos,Classic,ATM,Utilities,4569.79,Successful,1,2026-04
TXN300569,2026-05-20,CUST10044,CARD20273,Port Harcourt,Classic,POS,Groceries,12993.2,Successful,1,2026-05
TXN300570,2026-01-25,CUST10097,CARD20481,Lagos,Classic,POS,Groceries,10685.13,Successful,1,2026-01
TXN300571,2026-06-29,CUST10042,CARD20416,Kano,Gold,Online,Dining,8254.6,Successful,1,2026-06
TXN300572,2026-05-03,CUST10227,CARD20506,Port Harcourt,Classic,POS,Entertainment,15861.98,Successful,1,2026-05
TXN300573,2026-02-22,CUST10262,CARD20424,Abuja,Gold,POS,Retail,3200.8,Successful,1,2026-02
TXN300574,2026-05-31,CUST10167,CARD20407,Abuja,Gold,Online,Utilities,35435.98,Successful,1,2026-05
TXN300575,2026-05-24,CUST10436,CARD20568,Lagos,Gold,Online,Travel,5428.81,Successful,1,2026-05
TXN300576,2026-02-26,CUST10279,CARD20390,Lagos,Gold,Online,Utilities,7549.76,Successful,1,2026-02
TXN300577,2026-02-08,CUST10089,CARD20342,Ibadan,Classic,POS,Entertainment,35877.35,Successful,1,2026-02
TXN300578,2026-04-19,CUST10379,CARD20493,Kano,Classic,Online,Dining,4593.73,Successful,1,2026-04
TXN300579,2026-06-30,CUST10178,CARD20192,Lagos,Platinum,POS,Fuel,18369.26,Declined,0,2026-06
TXN300580,2026-02-11,CUST10427,CARD20499,Abuja,Gold,POS,Fuel,6826.33,Successful,1,2026-02
TXN300581,2026-06-16,CUST10403,CARD20233,Port Harcourt,Platinum,Online,Dining,4132.06,Successful,1,2026-06
TXN300582,2026-05-22,CUST10197,CARD20227,Abuja,Gold,Online,Entertainment,5961.09,Declined,0,2026-05
TXN300583,2026-05-02,CUST10307,CARD20371,Lagos,Classic,Online,Dining,12746.65,Successful,1,2026-05
TXN300584,2026-05-13,CUST10267,CARD20139,Lagos,Classic,Online,Retail,18240.74,Successful,1,2026-05
TXN300585,2026-06-12,CUST10268,CARD20149,Lagos,Gold,POS,Utilities,9705.86,Successful,1,2026-06
TXN300586,2026-03-16,CUST10074,CARD20115,Ibadan,Classic,Online,Entertainment,2256.67,Successful,1,2026-03
TXN300587,2026-05-26,CUST10008,CARD20450,Abuja,Classic,POS,Utilities,13472.76,Successful,1,2026-05
TXN300588,2026-03-17,CUST10408,CARD20063,Abuja,Gold,ATM,Fuel,7232.17,Successful,1,2026-03
TXN300589,2026-01-09,CUST10297,CARD20104,Kano,Classic,Online,Entertainment,3354.35,Successful,1,2026-01
TXN300590,2026-03-15,CUST10164,CARD20273,Port Harcourt,Classic,Online,Travel,10690.54,Declined,0,2026-03
TXN300591,2026-05-25,CUST10085,CARD20006,Ibadan,Gold,Online,Utilities,20071.81,Successful,1,2026-05
TXN300592,2026-01-07,CUST10072,CARD20147,Abuja,Gold,Online,Groceries,8146.76,Successful,1,2026-01
TXN300593,2026-06-23,CUST10055,CARD20184,Lagos,Classic,Online,Groceries,16960.9,Successful,1,2026-06
TXN300594,2026-05-21,CUST10393,CARD20028,Kano,Gold,POS,Retail,11730.14,Successful,1,2026-05
TXN300595,2026-06-17,CUST10047,CARD20550,Abuja,Platinum,POS,Entertainment,11851.9,Successful,1,2026-06
TXN300596,2026-06-19,CUST10399,CARD20119,Lagos,Classic,Online,Retail,6346.19,Successful,1,2026-06
TXN300597,2026-05-17,CUST10432,CARD20293,Lagos,Classic,ATM,Entertainment,15598.92,Successful,1,2026-05
TXN300598,2026-06-27,CUST10238,CARD20371,Lagos,Classic,POS,Fuel,16837.15,Successful,1,2026-06
TXN300599,2026-01-27,CUST10104,CARD20244,Abuja,Classic,POS,Travel,15277.47,Successful,1,2026-01
TXN300600,2026-05-02,CUST10210,CARD20580,Ibadan,Classic,POS,Travel,6304.2,Successful,1,2026-05
TXN300601,2026-01-05,CUST10042,CARD20218,Kano,Platinum,Online,Dining,17819.77,Successful,1,2026-01
TXN300602,2026-01-29,CUST10316,CARD20177,Kano,Gold,POS,Retail,11037.48,Successful,1,2026-01
TXN300603,2026-06-14,CUST10268,CARD20299,Lagos,Gold,POS,Entertainment,3722.46,Successful,1,2026-06
TXN300604,2026-06-15,CUST10386,CARD20058,Lagos,Platinum,Online,Utilities,5971.81,Successful,1,2026-06
TXN300605,2026-03-24,CUST10263,CARD20269,Lagos,Platinum,Online,Groceries,5301.12,Successful,1,2026-03
TXN300606,2026-05-16,CUST10336,CARD20308,Ibadan,Classic,POS,Utilities,1651.9,Successful,1,2026-05
TXN300607,2026-04-19,CUST10387,CARD20570,Lagos,Classic,POS,Groceries,18083.05,Successful,1,2026-04
TXN300608,2026-03-06,CUST10365,CARD20288,Port Harcourt,Gold,Online,Fuel,96852.97,Successful,1,2026-03
TXN300609,2026-03-27,CUST10259,CARD20105,Port Harcourt,Classic,POS,Groceries,21304.6,Successful,1,2026-03
TXN300610,2026-05-25,CUST10283,CARD20228,Abuja,Classic,ATM,Utilities,9230.68,Successful,1,2026-05
TXN300611,2026-03-12,CUST10114,CARD20247,Lagos,Gold,Online,Utilities,5363.36,Successful,1,2026-03
TXN300612,2026-02-14,CUST10363,CARD20494,Kano,Platinum,POS,Travel,3865.84,Successful,1,2026-02
TXN300613,2026-05-12,CUST10040,CARD20083,Kano,Classic,Online,Entertainment,9140.92,Successful,1,2026-05
TXN300614,2026-02-05,CUST10417,CARD20186,Lagos,Gold,POS,Travel,17582.25,Successful,1,2026-02
TXN300615,2026-03-11,CUST10220,CARD20252,Abuja,Classic,POS,Retail,4723.64,Successful,1,2026-03
TXN300616,2026-06-08,CUST10129,CARD20355,Kano,Gold,ATM,Utilities,63032.65,Successful,1,2026-06
TXN300617,2026-01-19,CUST10008,CARD20210,Lagos,Classic,Online,Entertainment,2677.95,Successful,1,2026-01
TXN300618,2026-04-18,CUST10101,CARD20447,Lagos,Platinum,POS,Fuel,9697.26,Successful,1,2026-04
TXN300619,2026-06-16,CUST10416,CARD20460,Lagos,Classic,POS,Groceries,8571.82,Reversed,0,2026-06
TXN300620,2026-04-01,CUST10380,CARD20472,Abuja,Gold,POS,Retail,8146.15,Successful,1,2026-04
TXN300621,2026-03-31,CUST10176,CARD20370,Lagos,Classic,POS,Dining,5140.55,Declined,0,2026-03
TXN300622,2026-01-19,CUST10107,CARD20492,Lagos,Classic,Online,Dining,8655.7,Successful,1,2026-01
TXN300623,2026-02-08,CUST10101,CARD20137,Lagos,Classic,POS,Entertainment,5654.36,Successful,1,2026-02
TXN300624,2026-05-06,CUST10260,CARD20367,Abuja,Classic,ATM,Groceries,22704.34,Successful,1,2026-05
TXN300625,2026-06-22,CUST10366,CARD20184,Kano,Classic,POS,Groceries,29632.27,Successful,1,2026-06
TXN300626,2026-05-21,CUST10246,CARD20588,Ibadan,Classic,Online,Entertainment,5938.22,Successful,1,2026-05
TXN300627,2026-05-06,CUST10275,CARD20287,Ibadan,Gold,Online,Groceries,2173.35,Successful,1,2026-05
TXN300628,2026-02-27,CUST10032,CARD20472,Port Harcourt,Gold,Online,Travel,10447.5,Declined,0,2026-02
TXN300629,2026-05-28,CUST10137,CARD20375,Lagos,Classic,POS,Groceries,10150.47,Successful,1,2026-05
TXN300630,2026-03-02,CUST10012,CARD20537,Lagos,Gold,POS,Dining,8814.65,Successful,1,2026-03
TXN300631,2026-05-07,CUST10395,CARD20511,Kano,Classic,POS,Groceries,12411.29,Successful,1,2026-05
TXN300632,2026-04-15,CUST10302,CARD20579,Lagos,Classic,ATM,Utilities,24470.47,Successful,1,2026-04
TXN300633,2026-06-16,CUST10375,CARD20250,Lagos,Classic,ATM,Entertainment,15778.09,Successful,1,2026-06
TXN300634,2026-01-01,CUST10016,CARD20510,Port Harcourt,Gold,ATM,Fuel,12396.24,Successful,1,2026-01
TXN300635,2026-05-11,CUST10129,CARD20073,Lagos,Classic,Online,Dining,14811.1,Successful,1,2026-05
TXN300636,2026-04-02,CUST10063,CARD20282,Lagos,Platinum,POS,Fuel,9908.82,Successful,1,2026-04
TXN300637,2026-04-23,CUST10109,CARD20360,Kano,Classic,ATM,Dining,3803.39,Successful,1,2026-04
TXN300638,2026-06-02,CUST10375,CARD20010,Ibadan,Classic,ATM,Retail,25857.74,Successful,1,2026-06
TXN300639,2026-02-25,CUST10021,CARD20211,Lagos,Classic,POS,Utilities,8796.13,Declined,0,2026-02
TXN300640,2026-06-10,CUST10158,CARD20152,Kano,Platinum,POS,Dining,3801.87,Successful,1,2026-06
TXN300641,2026-06-15,CUST10269,CARD20005,Port Harcourt,Gold,Online,Utilities,3286.63,Successful,1,2026-06
TXN300642,2026-04-27,CUST10162,CARD20195,Port Harcourt,Gold,POS,Dining,3888.43,Successful,1,2026-04
TXN300643,2026-05-14,CUST10260,CARD20283,Lagos,Platinum,POS,Fuel,3022.49,Successful,1,2026-05
TXN300644,2026-02-27,CUST10412,CARD20464,Lagos,Platinum,ATM,Fuel,13837.08,Successful,1,2026-02
TXN300645,2026-02-13,CUST10102,CARD20113,Port Harcourt,Gold,ATM,Entertainment,7043.85,Successful,1,2026-02
TXN300646,2026-06-22,CUST10223,CARD20271,Ibadan,Classic,POS,Dining,15075.16,Successful,1,2026-06
TXN300647,2026-06-09,CUST10059,CARD20163,Port Harcourt,Gold,POS,Dining,20652.24,Successful,1,2026-06
TXN300648,2026-06-22,CUST10247,CARD20460,Lagos,Classic,Online,Travel,16791.46,Successful,1,2026-06
TXN300649,2026-03-02,CUST10128,CARD20105,Lagos,Gold,Online,Utilities,13456.52,Successful,1,2026-03
TXN300650,2026-02-16,CUST10283,CARD20556,Ibadan,Gold,POS,Utilities,10198.78,Successful,1,2026-02
TXN300651,2026-05-29,CUST10325,CARD20282,Lagos,Gold,Online,Utilities,6958.43,Successful,1,2026-05
TXN300652,2026-03-21,CUST10025,CARD20162,Abuja,Classic,ATM,Utilities,7339.92,Successful,1,2026-03
TXN300653,2026-04-28,CUST10131,CARD20351,Lagos,Gold,ATM,Retail,12932.4,Successful,1,2026-04
TXN300654,2026-06-13,CUST10353,CARD20434,Lagos,Platinum,POS,Retail,3755.39,Successful,1,2026-06
TXN300655,2026-05-27,CUST10196,CARD20140,Port Harcourt,Classic,POS,Groceries,7761.2,Successful,1,2026-05
TXN300656,2026-01-20,CUST10281,CARD20471,Port Harcourt,Classic,ATM,Dining,4472.6,Successful,1,2026-01
TXN300657,2026-05-26,CUST10404,CARD20132,Lagos,Gold,POS,Dining,20710.28,Successful,1,2026-05
TXN300658,2026-02-16,CUST10418,CARD20087,Lagos,Platinum,Online,Dining,14380.75,Successful,1,2026-02
TXN300659,2026-02-18,CUST10154,CARD20183,Ibadan,Classic,POS,Dining,44800.01,Successful,1,2026-02
TXN300660,2026-01-14,CUST10382,CARD20368,Lagos,Classic,POS,Utilities,4419.75,Successful,1,2026-01
TXN300661,2026-05-23,CUST10133,CARD20129,Abuja,Classic,POS,Utilities,4815.62,Successful,1,2026-05
TXN300662,2026-06-08,CUST10227,CARD20246,Kano,Classic,POS,Retail,8484.54,Successful,1,2026-06
TXN300663,2026-01-01,CUST10189,CARD20578,Lagos,Platinum,ATM,Fuel,4535.24,Successful,1,2026-01
TXN300664,2026-04-27,CUST10265,CARD20378,Kano,Gold,POS,Travel,12457.72,Successful,1,2026-04
TXN300665,2026-02-23,CUST10372,CARD20149,Lagos,Gold,ATM,Utilities,7779.42,Successful,1,2026-02
TXN300666,2026-04-28,CUST10434,CARD20433,Abuja,Classic,ATM,Utilities,5481.73,Successful,1,2026-04
TXN300667,2026-01-03,CUST10134,CARD20469,Lagos,Gold,POS,Entertainment,19342.96,Declined,0,2026-01
TXN300668,2026-05-24,CUST10211,CARD20446,Kano,Classic,Online,Utilities,1845.17,Successful,1,2026-05
TXN300669,2026-01-12,CUST10060,CARD20481,Lagos,Classic,POS,Fuel,12502.58,Successful,1,2026-01
TXN300670,2026-03-15,CUST10428,CARD20294,Lagos,Classic,Online,Fuel,5213.96,Successful,1,2026-03
TXN300671,2026-01-16,CUST10377,CARD20143,Kano,Classic,Online,Retail,15574.73,Successful,1,2026-01
TXN300672,2026-04-12,CUST10395,CARD20250,Abuja,Classic,POS,Utilities,18863.89,Successful,1,2026-04
TXN300673,2026-06-01,CUST10450,CARD20302,Abuja,Classic,POS,Entertainment,1311.49,Successful,1,2026-06
TXN300674,2026-06-05,CUST10431,CARD20025,Lagos,Classic,Online,Travel,6841.09,Successful,1,2026-06
TXN300675,2026-04-27,CUST10364,CARD20070,Port Harcourt,Classic,ATM,Dining,8489.23,Declined,0,2026-04
TXN300676,2026-01-08,CUST10364,CARD20112,Lagos,Gold,POS,Utilities,1228.72,Successful,1,2026-01
TXN300677,2026-05-02,CUST10213,CARD20364,Lagos,Classic,Online,Retail,9722.53,Declined,0,2026-05
TXN300678,2026-04-02,CUST10216,CARD20303,Abuja,Platinum,POS,Retail,5311.12,Successful,1,2026-04
TXN300679,2026-06-13,CUST10226,CARD20471,Lagos,Classic,Online,Travel,3088.43,Successful,1,2026-06
TXN300680,2026-03-31,CUST10131,CARD20091,Kano,Gold,POS,Entertainment,4815.57,Successful,1,2026-03
TXN300681,2026-05-16,CUST10076,CARD20530,Kano,Platinum,Online,Groceries,4193.74,Successful,1,2026-05
TXN300682,2026-03-01,CUST10286,CARD20192,Port Harcourt,Platinum,POS,Retail,5132.33,Successful,1,2026-03
TXN300683,2026-06-27,CUST10277,CARD20552,Ibadan,Platinum,Online,Fuel,9396.56,Successful,1,2026-06
TXN300684,2026-01-28,CUST10156,CARD20242,Port Harcourt,Classic,Online,Fuel,17765.21,Successful,1,2026-01
TXN300685,2026-04-11,CUST10248,CARD20138,Lagos,Classic,Online,Dining,7613.9,Successful,1,2026-04
TXN300686,2026-02-10,CUST10218,CARD20345,Port Harcourt,Classic,Online,Retail,19578.87,Successful,1,2026-02
TXN300687,2026-06-04,CUST10190,CARD20180,Lagos,Classic,Online,Entertainment,3509.52,Successful,1,2026-06
TXN300688,2026-05-25,CUST10417,CARD20503,Lagos,Classic,ATM,Dining,9157.34,Reversed,0,2026-05
TXN300689,2026-06-10,CUST10163,CARD20203,Ibadan,Platinum,Online,Retail,43708.12,Successful,1,2026-06
TXN300690,2026-06-06,CUST10180,CARD20573,Abuja,Gold,ATM,Travel,2270.03,Successful,1,2026-06
TXN300691,2026-05-21,CUST10034,CARD20192,Ibadan,Gold,Online,Utilities,2201.72,Successful,1,2026-05
TXN300692,2026-02-15,CUST10041,CARD20005,Lagos,Platinum,Online,Entertainment,22560.98,Successful,1,2026-02
TXN300693,2026-02-04,CUST10307,CARD20237,Abuja,Gold,POS,Retail,9666.49,Successful,1,2026-02
TXN300694,2026-05-14,CUST10431,CARD20311,Lagos,Gold,Online,Entertainment,5008.04,Successful,1,2026-05
TXN300695,2026-03-23,CUST10338,CARD20549,Port Harcourt,Gold,POS,Groceries,3282.17,Reversed,0,2026-03
TXN300696,2026-04-25,CUST10314,CARD20056,Port Harcourt,Classic,Online,Entertainment,7873.12,Successful,1,2026-04
TXN300697,2026-02-16,CUST10075,CARD20443,Abuja,Classic,Online,Entertainment,9016.97,Declined,0,2026-02
TXN300698,2026-06-02,CUST10441,CARD20237,Lagos,Platinum,ATM,Fuel,9052.73,Successful,1,2026-06
TXN300699,2026-01-10,CUST10279,CARD20197,Lagos,Platinum,POS,Travel,3256.61,Successful,1,2026-01
TXN300700,2026-02-25,CUST10176,CARD20585,Lagos,Platinum,POS,Utilities,6188.46,Successful,1,2026-02
TXN300701,2026-01-30,CUST10384,CARD20571,Port Harcourt,Classic,Online,Utilities,5143.73,Successful,1,2026-01
TXN300702,2026-04-19,CUST10150,CARD20514,Kano,Platinum,POS,Fuel,13590.89,Successful,1,2026-04
TXN300703,2026-01-05,CUST10273,CARD20449,Lagos,Classic,POS,Entertainment,3414.0,Successful,1,2026-01
TXN300704,2026-04-29,CUST10325,CARD20360,Port Harcourt,Classic,Online,Utilities,8611.23,Successful,1,2026-04
TXN300705,2026-02-02,CUST10108,CARD20030,Ibadan,Classic,Online,Dining,66661.39,Successful,1,2026-02
TXN300706,2026-04-28,CUST10139,CARD20108,Abuja,Classic,POS,Travel,3232.51,Successful,1,2026-04
TXN300707,2026-03-06,CUST10350,CARD20445,Port Harcourt,Classic,ATM,Groceries,4456.81,Successful,1,2026-03
TXN300708,2026-05-26,CUST10271,CARD20438,Ibadan,Classic,POS,Fuel,7516.91,Successful,1,2026-05
TXN300709,2026-06-26,CUST10347,CARD20457,Lagos,Classic,ATM,Retail,769.85,Successful,1,2026-06
TXN300710,2026-01-11,CUST10419,CARD20495,Lagos,Classic,POS,Retail,2587.73,Successful,1,2026-01
TXN300711,2026-03-26,CUST10289,CARD20247,Lagos,Gold,Online,Retail,10389.53,Successful,1,2026-03
TXN300712,2026-01-26,CUST10212,CARD20543,Kano,Gold,POS,Travel,7040.71,Successful,1,2026-01
TXN300713,2026-03-04,CUST10381,CARD20564,Kano,Classic,Online,Groceries,18840.53,Successful,1,2026-03
TXN300714,2026-03-27,CUST10272,CARD20588,Port Harcourt,Classic,POS,Utilities,6697.57,Declined,0,2026-03
TXN300715,2026-02-28,CUST10418,CARD20439,Lagos,Gold,Online,Groceries,6242.18,Reversed,0,2026-02
TXN300716,2026-01-27,CUST10066,CARD20278,Abuja,Classic,POS,Groceries,4617.94,Declined,0,2026-01
TXN300717,2026-06-26,CUST10424,CARD20552,Lagos,Classic,POS,Fuel,6159.33,Successful,1,2026-06
TXN300718,2026-06-10,CUST10248,CARD20111,Lagos,Gold,Online,Travel,3073.98,Successful,1,2026-06
TXN300719,2026-04-08,CUST10156,CARD20385,Abuja,Platinum,Online,Retail,7201.38,Declined,0,2026-04
TXN300720,2026-04-15,CUST10047,CARD20191,Kano,Classic,POS,Fuel,3725.64,Successful,1,2026-04
TXN300721,2026-04-09,CUST10423,CARD20490,Kano,Classic,POS,Utilities,3076.01,Declined,0,2026-04
TXN300722,2026-05-09,CUST10201,CARD20426,Port Harcourt,Classic,POS,Groceries,4858.25,Successful,1,2026-05
TXN300723,2026-05-29,CUST10148,CARD20405,Lagos,Gold,POS,Entertainment,11625.1,Successful,1,2026-05
TXN300724,2026-02-24,CUST10124,CARD20335,Lagos,Classic,POS,Retail,9079.77,Successful,1,2026-02
TXN300725,2026-01-06,CUST10001,CARD20209,Lagos,Classic,POS,Travel,13822.95,Successful,1,2026-01
TXN300726,2026-04-05,CUST10247,CARD20022,Port Harcourt,Classic,Online,Dining,3871.55,Successful,1,2026-04
TXN300727,2026-05-13,CUST10343,CARD20208,Ibadan,Platinum,Online,Groceries,8017.99,Successful,1,2026-05
TXN300728,2026-04-12,CUST10128,CARD20008,Lagos,Gold,POS,Groceries,31616.48,Successful,1,2026-04
TXN300729,2026-01-03,CUST10191,CARD20529,Lagos,Gold,ATM,Groceries,24785.44,Successful,1,2026-01
TXN300730,2026-06-30,CUST10067,CARD20166,Lagos,Gold,ATM,Groceries,2922.78,Successful,1,2026-06
TXN300731,2026-01-23,CUST10004,CARD20496,Lagos,Classic,POS,Retail,3616.55,Successful,1,2026-01
TXN300732,2026-02-22,CUST10442,CARD20590,Abuja,Platinum,POS,Travel,31507.36,Successful,1,2026-02
TXN300733,2026-06-14,CUST10409,CARD20429,Lagos,Gold,ATM,Fuel,11628.8,Successful,1,2026-06
TXN300734,2026-03-24,CUST10303,CARD20163,Abuja,Classic,POS,Retail,6956.39,Successful,1,2026-03
TXN300735,2026-05-25,CUST10294,CARD20366,Ibadan,Gold,POS,Travel,6361.83,Declined,0,2026-05
TXN300736,2026-03-26,CUST10143,CARD20526,Abuja,Gold,Online,Fuel,9720.26,Successful,1,2026-03
TXN300737,2026-03-19,CUST10191,CARD20239,Lagos,Gold,Online,Groceries,9818.22,Successful,1,2026-03
TXN300738,2026-04-20,CUST10021,CARD20072,Lagos,Classic,POS,Travel,5289.46,Successful,1,2026-04
TXN300739,2026-01-01,CUST10227,CARD20445,Abuja,Platinum,Online,Groceries,7111.29,Successful,1,2026-01
TXN300740,2026-02-20,CUST10313,CARD20509,Lagos,Platinum,Online,Entertainment,5143.16,Successful,1,2026-02
TXN300741,2026-06-22,CUST10117,CARD20269,Lagos,Classic,Online,Travel,9274.21,Reversed,0,2026-06
TXN300742,2026-01-04,CUST10437,CARD20415,Abuja,Classic,Online,Utilities,4491.52,Successful,1,2026-01
TXN300743,2026-04-23,CUST10302,CARD20245,Abuja,Classic,POS,Dining,2938.94,Successful,1,2026-04
TXN300744,2026-02-01,CUST10142,CARD20060,Ibadan,Platinum,Online,Groceries,26378.4,Successful,1,2026-02
TXN300745,2026-02-03,CUST10401,CARD20006,Lagos,Gold,POS,Groceries,7664.38,Successful,1,2026-02
TXN300746,2026-04-02,CUST10039,CARD20570,Ibadan,Classic,POS,Groceries,31496.88,Successful,1,2026-04
TXN300747,2026-04-05,CUST10393,CARD20407,Lagos,Classic,POS,Utilities,1727.06,Successful,1,2026-04
TXN300748,2026-03-13,CUST10355,CARD20217,Lagos,Classic,POS,Retail,2541.28,Declined,0,2026-03
TXN300749,2026-02-08,CUST10252,CARD20026,Abuja,Gold,POS,Fuel,11771.49,Declined,0,2026-02
TXN300750,2026-06-03,CUST10333,CARD20005,Abuja,Classic,POS,Groceries,7669.56,Successful,1,2026-06
TXN300751,2026-06-11,CUST10207,CARD20532,Kano,Platinum,POS,Groceries,3209.43,Successful,1,2026-06
TXN300752,2026-04-28,CUST10210,CARD20390,Port Harcourt,Gold,Online,Retail,20114.5,Successful,1,2026-04
TXN300753,2026-01-03,CUST10115,CARD20571,Kano,Gold,POS,Retail,4040.34,Successful,1,2026-01
TXN300754,2026-05-03,CUST10225,CARD20448,Kano,Classic,Online,Dining,21138.27,Declined,0,2026-05
TXN300755,2026-02-19,CUST10134,CARD20146,Abuja,Classic,POS,Travel,7659.12,Successful,1,2026-02
TXN300756,2026-01-12,CUST10251,CARD20388,Abuja,Classic,POS,Groceries,3442.85,Successful,1,2026-01
TXN300757,2026-02-23,CUST10219,CARD20249,Abuja,Classic,POS,Travel,4745.77,Declined,0,2026-02
TXN300758,2026-05-13,CUST10407,CARD20526,Kano,Classic,POS,Entertainment,24287.63,Successful,1,2026-05
TXN300759,2026-02-26,CUST10443,CARD20462,Port Harcourt,Platinum,Online,Retail,6385.61,Successful,1,2026-02
TXN300760,2026-05-25,CUST10091,CARD20013,Lagos,Classic,POS,Retail,17639.09,Successful,1,2026-05
TXN300761,2026-04-22,CUST10354,CARD20384,Port Harcourt,Classic,ATM,Dining,24843.52,Successful,1,2026-04
TXN300762,2026-02-16,CUST10376,CARD20556,Lagos,Classic,ATM,Fuel,7598.16,Reversed,0,2026-02
TXN300763,2026-05-31,CUST10046,CARD20399,Abuja,Classic,POS,Utilities,6778.06,Successful,1,2026-05
TXN300764,2026-03-26,CUST10038,CARD20019,Lagos,Platinum,Online,Utilities,5860.71,Successful,1,2026-03
TXN300765,2026-05-22,CUST10142,CARD20575,Port Harcourt,Classic,POS,Utilities,10739.44,Reversed,0,2026-05
TXN300766,2026-03-07,CUST10100,CARD20491,Ibadan,Classic,Online,Retail,27031.12,Reversed,0,2026-03
TXN300767,2026-03-16,CUST10328,CARD20419,Lagos,Gold,Online,Groceries,3036.23,Successful,1,2026-03
TXN300768,2026-06-28,CUST10190,CARD20337,Lagos,Classic,POS,Dining,9655.88,Successful,1,2026-06
TXN300769,2026-04-13,CUST10035,CARD20419,Lagos,Classic,POS,Fuel,9327.32,Successful,1,2026-04
TXN300770,2026-06-15,CUST10147,CARD20122,Port Harcourt,Classic,POS,Entertainment,1913.43,Successful,1,2026-06
TXN300771,2026-02-07,CUST10030,CARD20432,Lagos,Classic,POS,Utilities,3983.94,Successful,1,2026-02
TXN300772,2026-02-19,CUST10334,CARD20044,Lagos,Classic,Online,Dining,4693.66,Successful,1,2026-02
TXN300773,2026-04-08,CUST10084,CARD20317,Lagos,Classic,POS,Retail,14931.43,Successful,1,2026-04
TXN300774,2026-03-23,CUST10369,CARD20381,Abuja,Gold,POS,Utilities,17174.15,Successful,1,2026-03
TXN300775,2026-01-30,CUST10281,CARD20145,Lagos,Classic,POS,Fuel,1807.5,Successful,1,2026-01
TXN300776,2026-03-20,CUST10424,CARD20327,Port Harcourt,Gold,Online,Entertainment,13512.38,Successful,1,2026-03
TXN300777,2026-04-01,CUST10344,CARD20363,Lagos,Gold,POS,Travel,12184.77,Successful,1,2026-04
TXN300778,2026-06-28,CUST10270,CARD20050,Port Harcourt,Classic,Online,Entertainment,12870.71,Successful,1,2026-06
TXN300779,2026-02-21,CUST10154,CARD20065,Lagos,Classic,Online,Fuel,9156.29,Successful,1,2026-02
TXN300780,2026-06-15,CUST10102,CARD20355,Abuja,Classic,Online,Entertainment,17332.73,Successful,1,2026-06
TXN300781,2026-03-20,CUST10215,CARD20164,Lagos,Gold,Online,Groceries,20686.09,Successful,1,2026-03
TXN300782,2026-01-30,CUST10150,CARD20141,Port Harcourt,Gold,POS,Utilities,2192.74,Successful,1,2026-01
TXN300783,2026-04-16,CUST10432,CARD20128,Kano,Gold,POS,Utilities,7793.31,Successful,1,2026-04
TXN300784,2026-02-20,CUST10083,CARD20398,Kano,Classic,Online,Travel,6610.46,Successful,1,2026-02
TXN300785,2026-03-22,CUST10110,CARD20463,Abuja,Platinum,ATM,Entertainment,5124.57,Declined,0,2026-03
TXN300786,2026-05-13,CUST10435,CARD20187,Abuja,Classic,Online,Travel,5632.98,Successful,1,2026-05
TXN300787,2026-01-29,CUST10387,CARD20190,Ibadan,Classic,POS,Entertainment,9409.05,Successful,1,2026-01
TXN300788,2026-05-12,CUST10426,CARD20388,Port Harcourt,Classic,POS,Utilities,2871.85,Successful,1,2026-05
TXN300789,2026-05-18,CUST10275,CARD20429,Lagos,Classic,ATM,Groceries,13856.33,Successful,1,2026-05
TXN300790,2026-05-25,CUST10201,CARD20284,Ibadan,Classic,POS,Entertainment,6031.21,Successful,1,2026-05
TXN300791,2026-03-15,CUST10284,CARD20237,Abuja,Gold,POS,Travel,16313.0,Successful,1,2026-03
TXN300792,2026-01-17,CUST10173,CARD20194,Lagos,Gold,POS,Retail,4934.74,Successful,1,2026-01
TXN300793,2026-03-25,CUST10327,CARD20287,Lagos,Platinum,ATM,Utilities,4725.41,Successful,1,2026-03
TXN300794,2026-03-10,CUST10206,CARD20136,Lagos,Classic,POS,Fuel,3803.32,Successful,1,2026-03
TXN300795,2026-02-03,CUST10063,CARD20171,Abuja,Gold,POS,Fuel,4956.8,Reversed,0,2026-02
TXN300796,2026-01-06,CUST10073,CARD20159,Lagos,Classic,Online,Groceries,4267.81,Successful,1,2026-01
TXN300797,2026-02-22,CUST10251,CARD20201,Lagos,Classic,POS,Retail,11473.53,Successful,1,2026-02
TXN300798,2026-05-06,CUST10124,CARD20487,Lagos,Classic,ATM,Travel,18726.33,Successful,1,2026-05
TXN300799,2026-02-12,CUST10375,CARD20557,Abuja,Classic,Online,Entertainment,11051.2,Successful,1,2026-02
TXN300800,2026-04-25,CUST10121,CARD20583,Port Harcourt,Classic,POS,Utilities,7616.42,Successful,1,2026-04
TXN300801,2026-04-21,CUST10275,CARD20504,Lagos,Classic,Online,Fuel,11962.24,Successful,1,2026-04
TXN300802,2026-05-31,CUST10431,CARD20371,Lagos,Gold,ATM,Fuel,7870.4,Successful,1,2026-05
TXN300803,2026-03-21,CUST10398,CARD20103,Lagos,Platinum,POS,Fuel,8290.44,Successful,1,2026-03
TXN300804,2026-04-05,CUST10120,CARD20125,Kano,Classic,POS,Fuel,6340.35,Successful,1,2026-04
TXN300805,2026-04-28,CUST10422,CARD20313,Abuja,Platinum,Online,Dining,15823.84,Successful,1,2026-04
TXN300806,2026-05-24,CUST10437,CARD20458,Abuja,Gold,POS,Groceries,1040.29,Successful,1,2026-05
TXN300807,2026-01-08,CUST10317,CARD20230,Lagos,Classic,ATM,Travel,1471.04,Successful,1,2026-01
TXN300808,2026-05-12,CUST10164,CARD20197,Port Harcourt,Gold,ATM,Utilities,18430.82,Successful,1,2026-05
TXN300809,2026-04-14,CUST10424,CARD20423,Abuja,Classic,POS,Utilities,6924.2,Declined,0,2026-04
TXN300810,2026-05-12,CUST10286,CARD20572,Lagos,Gold,ATM,Utilities,16878.35,Reversed,0,2026-05
TXN300811,2026-01-25,CUST10265,CARD20171,Lagos,Gold,POS,Travel,4981.75,Successful,1,2026-01
TXN300812,2026-04-06,CUST10320,CARD20382,Lagos,Platinum,Online,Groceries,30927.32,Successful,1,2026-04
TXN300813,2026-06-04,CUST10161,CARD20173,Ibadan,Gold,POS,Retail,7264.72,Successful,1,2026-06
TXN300814,2026-04-03,CUST10376,CARD20453,Ibadan,Gold,ATM,Entertainment,11608.74,Successful,1,2026-04
TXN300815,2026-06-09,CUST10308,CARD20350,Abuja,Gold,Online,Entertainment,5666.25,Successful,1,2026-06
TXN300816,2026-06-27,CUST10089,CARD20494,Port Harcourt,Classic,Online,Groceries,3953.26,Successful,1,2026-06
TXN300817,2026-03-02,CUST10142,CARD20004,Lagos,Classic,ATM,Fuel,2012.75,Successful,1,2026-03
TXN300818,2026-05-02,CUST10203,CARD20093,Abuja,Classic,Online,Entertainment,15192.59,Successful,1,2026-05
TXN300819,2026-02-20,CUST10309,CARD20006,Port Harcourt,Classic,POS,Fuel,11118.15,Successful,1,2026-02
TXN300820,2026-05-27,CUST10227,CARD20288,Lagos,Classic,Online,Groceries,8733.78,Successful,1,2026-05
TXN300821,2026-01-21,CUST10443,CARD20146,Ibadan,Platinum,Online,Groceries,3258.78,Successful,1,2026-01
TXN300822,2026-01-05,CUST10334,CARD20424,Lagos,Classic,ATM,Travel,25143.96,Successful,1,2026-01
TXN300823,2026-04-02,CUST10222,CARD20457,Lagos,Platinum,ATM,Travel,8819.3,Successful,1,2026-04
TXN300824,2026-06-19,CUST10041,CARD20202,Port Harcourt,Gold,POS,Dining,14218.67,Successful,1,2026-06
TXN300825,2026-03-02,CUST10196,CARD20212,Port Harcourt,Gold,POS,Utilities,8083.74,Successful,1,2026-03
TXN300826,2026-01-22,CUST10068,CARD20006,Port Harcourt,Platinum,POS,Dining,3389.58,Declined,0,2026-01
TXN300827,2026-05-29,CUST10264,CARD20376,Lagos,Classic,Online,Utilities,17924.95,Successful,1,2026-05
TXN300828,2026-03-11,CUST10002,CARD20447,Ibadan,Platinum,POS,Fuel,11621.53,Successful,1,2026-03
TXN300829,2026-01-01,CUST10361,CARD20106,Abuja,Classic,Online,Dining,7008.45,Successful,1,2026-01
TXN300830,2026-05-13,CUST10125,CARD20401,Abuja,Classic,POS,Dining,11463.65,Successful,1,2026-05
TXN300831,2026-01-12,CUST10110,CARD20096,Kano,Classic,POS,Retail,15584.54,Successful,1,2026-01
TXN300832,2026-03-31,CUST10086,CARD20388,Port Harcourt,Classic,POS,Groceries,13741.35,Successful,1,2026-03
TXN300833,2026-02-15,CUST10425,CARD20452,Lagos,Gold,POS,Travel,2060.98,Successful,1,2026-02
TXN300834,2026-02-03,CUST10120,CARD20416,Port Harcourt,Classic,Online,Dining,2459.81,Successful,1,2026-02
TXN300835,2026-06-26,CUST10127,CARD20504,Lagos,Classic,POS,Travel,14563.58,Successful,1,2026-06
TXN300836,2026-03-19,CUST10255,CARD20454,Lagos,Platinum,POS,Utilities,4642.94,Successful,1,2026-03
TXN300837,2026-02-14,CUST10183,CARD20291,Lagos,Gold,POS,Dining,3502.07,Declined,0,2026-02
TXN300838,2026-06-04,CUST10016,CARD20534,Kano,Classic,Online,Utilities,10912.71,Declined,0,2026-06
TXN300839,2026-03-14,CUST10062,CARD20193,Lagos,Gold,Online,Dining,3418.12,Successful,1,2026-03
TXN300840,2026-01-26,CUST10369,CARD20150,Port Harcourt,Gold,POS,Entertainment,5523.06,Successful,1,2026-01
TXN300841,2026-02-16,CUST10432,CARD20515,Lagos,Platinum,Online,Fuel,16023.57,Successful,1,2026-02
TXN300842,2026-05-01,CUST10158,CARD20393,Port Harcourt,Classic,POS,Retail,2413.15,Successful,1,2026-05
TXN300843,2026-02-25,CUST10268,CARD20316,Abuja,Classic,POS,Utilities,2711.86,Successful,1,2026-02
TXN300844,2026-04-04,CUST10035,CARD20076,Port Harcourt,Classic,Online,Groceries,2233.23,Successful,1,2026-04
TXN300845,2026-04-17,CUST10267,CARD20599,Lagos,Classic,POS,Groceries,4068.66,Successful,1,2026-04
TXN300846,2026-03-04,CUST10064,CARD20270,Port Harcourt,Platinum,Online,Fuel,8657.42,Successful,1,2026-03
TXN300847,2026-02-17,CUST10050,CARD20225,Kano,Classic,POS,Fuel,4939.25,Successful,1,2026-02
TXN300848,2026-03-02,CUST10255,CARD20530,Port Harcourt,Platinum,ATM,Entertainment,26975.36,Successful,1,2026-03
TXN300849,2026-03-22,CUST10149,CARD20113,Abuja,Classic,POS,Groceries,11663.83,Successful,1,2026-03
TXN300850,2026-01-26,CUST10325,CARD20251,Kano,Platinum,Online,Utilities,7982.01,Successful,1,2026-01
TXN300851,2026-02-05,CUST10304,CARD20233,Lagos,Classic,ATM,Groceries,22335.38,Successful,1,2026-02
TXN300852,2026-01-01,CUST10276,CARD20083,Port Harcourt,Platinum,POS,Retail,2794.35,Declined,0,2026-01
TXN300853,2026-01-08,CUST10357,CARD20125,Ibadan,Platinum,Online,Dining,16207.95,Successful,1,2026-01
TXN300854,2026-04-23,CUST10172,CARD20175,Lagos,Platinum,POS,Retail,6707.58,Successful,1,2026-04
TXN300855,2026-04-09,CUST10417,CARD20069,Abuja,Classic,Online,Entertainment,5629.31,Reversed,0,2026-04
TXN300856,2026-06-29,CUST10201,CARD20047,Lagos,Classic,POS,Entertainment,13211.69,Successful,1,2026-06
TXN300857,2026-02-16,CUST10445,CARD20256,Abuja,Gold,POS,Groceries,5825.46,Successful,1,2026-02
TXN300858,2026-05-07,CUST10393,CARD20030,Port Harcourt,Classic,Online,Dining,9372.38,Successful,1,2026-05
TXN300859,2026-02-25,CUST10324,CARD20281,Lagos,Classic,POS,Groceries,7480.62,Successful,1,2026-02
TXN300860,2026-01-14,CUST10035,CARD20237,Abuja,Classic,Online,Retail,10354.34,Successful,1,2026-01
TXN300861,2026-01-28,CUST10216,CARD20248,Lagos,Classic,POS,Retail,5400.98,Successful,1,2026-01
TXN300862,2026-03-19,CUST10065,CARD20368,Lagos,Classic,POS,Utilities,17007.5,Successful,1,2026-03
TXN300863,2026-05-10,CUST10008,CARD20495,Lagos,Classic,Online,Utilities,1579.17,Successful,1,2026-05
TXN300864,2026-04-19,CUST10301,CARD20025,Ibadan,Classic,Online,Retail,13530.67,Successful,1,2026-04
TXN300865,2026-06-03,CUST10343,CARD20586,Lagos,Classic,POS,Dining,1784.7,Declined,0,2026-06
TXN300866,2026-01-14,CUST10431,CARD20490,Ibadan,Gold,POS,Entertainment,4434.82,Successful,1,2026-01
TXN300867,2026-02-25,CUST10424,CARD20494,Abuja,Classic,POS,Utilities,12306.55,Successful,1,2026-02
TXN300868,2026-04-25,CUST10332,CARD20314,Lagos,Classic,POS,Utilities,1618.19,Successful,1,2026-04
TXN300869,2026-01-07,CUST10438,CARD20375,Port Harcourt,Platinum,POS,Travel,9257.46,Successful,1,2026-01
TXN300870,2026-01-03,CUST10076,CARD20025,Abuja,Platinum,POS,Travel,2705.18,Declined,0,2026-01
TXN300871,2026-04-21,CUST10174,CARD20334,Abuja,Platinum,Online,Utilities,3732.17,Successful,1,2026-04
TXN300872,2026-05-31,CUST10047,CARD20355,Lagos,Platinum,Online,Groceries,3597.31,Successful,1,2026-05
TXN300873,2026-04-17,CUST10015,CARD20116,Lagos,Classic,POS,Dining,2766.49,Successful,1,2026-04
TXN300874,2026-01-18,CUST10361,CARD20048,Lagos,Gold,POS,Fuel,2031.06,Successful,1,2026-01
TXN300875,2026-02-07,CUST10147,CARD20099,Lagos,Classic,POS,Utilities,42486.85,Successful,1,2026-02
TXN300876,2026-04-25,CUST10026,CARD20459,Lagos,Gold,Online,Travel,7002.5,Successful,1,2026-04
TXN300877,2026-01-15,CUST10308,CARD20523,Lagos,Classic,ATM,Dining,3011.1,Successful,1,2026-01
TXN300878,2026-04-29,CUST10093,CARD20597,Lagos,Gold,Online,Dining,5168.31,Successful,1,2026-04
TXN300879,2026-01-28,CUST10406,CARD20405,Lagos,Classic,Online,Travel,8344.26,Successful,1,2026-01
TXN300880,2026-02-08,CUST10232,CARD20214,Lagos,Classic,Online,Dining,5985.19,Successful,1,2026-02
TXN300881,2026-01-17,CUST10021,CARD20503,Lagos,Gold,POS,Dining,2941.06,Successful,1,2026-01
TXN300882,2026-03-27,CUST10307,CARD20448,Kano,Classic,POS,Travel,3946.62,Successful,1,2026-03
TXN300883,2026-05-06,CUST10038,CARD20576,Lagos,Classic,Online,Retail,20922.35,Successful,1,2026-05
TXN300884,2026-02-13,CUST10276,CARD20258,Port Harcourt,Classic,POS,Utilities,2638.14,Successful,1,2026-02
TXN300885,2026-01-25,CUST10157,CARD20121,Lagos,Classic,Online,Groceries,1639.95,Successful,1,2026-01
TXN300886,2026-05-25,CUST10179,CARD20054,Kano,Classic,Online,Fuel,5941.02,Successful,1,2026-05
TXN300887,2026-01-13,CUST10132,CARD20331,Lagos,Platinum,Online,Groceries,1727.84,Successful,1,2026-01
TXN300888,2026-01-25,CUST10311,CARD20241,Kano,Classic,POS,Retail,3913.48,Successful,1,2026-01
TXN300889,2026-03-09,CUST10348,CARD20530,Abuja,Classic,Online,Entertainment,2976.34,Successful,1,2026-03
TXN300890,2026-05-18,CUST10028,CARD20483,Lagos,Classic,Online,Retail,2997.25,Successful,1,2026-05
TXN300891,2026-03-08,CUST10260,CARD20187,Ibadan,Gold,Online,Dining,8566.58,Successful,1,2026-03
TXN300892,2026-04-19,CUST10406,CARD20262,Abuja,Gold,Online,Groceries,9953.16,Successful,1,2026-04
TXN300893,2026-05-26,CUST10076,CARD20364,Lagos,Gold,ATM,Retail,4252.57,Successful,1,2026-05
TXN300894,2026-04-21,CUST10429,CARD20491,Port Harcourt,Gold,POS,Groceries,7513.78,Successful,1,2026-04
TXN300895,2026-04-21,CUST10067,CARD20431,Kano,Platinum,POS,Retail,4086.42,Successful,1,2026-04
TXN300896,2026-02-03,CUST10342,CARD20239,Abuja,Platinum,POS,Fuel,11166.47,Successful,1,2026-02
TXN300897,2026-04-21,CUST10194,CARD20304,Lagos,Gold,POS,Retail,2484.61,Successful,1,2026-04
TXN300898,2026-01-08,CUST10162,CARD20298,Ibadan,Classic,ATM,Groceries,9248.28,Successful,1,2026-01
TXN300899,2026-06-17,CUST10347,CARD20076,Port Harcourt,Gold,ATM,Dining,9826.76,Successful,1,2026-06
TXN300900,2026-04-23,CUST10439,CARD20333,Ibadan,Classic,POS,Groceries,52511.28,Successful,1,2026-04
TXN300901,2026-03-24,CUST10361,CARD20474,Port Harcourt,Gold,POS,Travel,1991.11,Successful,1,2026-03
TXN300902,2026-02-11,CUST10257,CARD20283,Lagos,Gold,POS,Groceries,67819.72,Successful,1,2026-02
TXN300903,2026-06-18,CUST10072,CARD20591,Kano,Gold,Online,Fuel,14843.95,Reversed,0,2026-06
TXN300904,2026-04-11,CUST10087,CARD20072,Lagos,Gold,POS,Utilities,34956.22,Successful,1,2026-04
TXN300905,2026-01-06,CUST10422,CARD20263,Lagos,Classic,POS,Fuel,16717.51,Successful,1,2026-01
TXN300906,2026-06-29,CUST10262,CARD20575,Abuja,Classic,POS,Fuel,3809.17,Successful,1,2026-06
TXN300907,2026-01-26,CUST10214,CARD20012,Abuja,Classic,POS,Retail,13715.36,Successful,1,2026-01
TXN300908,2026-03-05,CUST10153,CARD20141,Lagos,Platinum,ATM,Fuel,4757.5,Successful,1,2026-03
TXN300909,2026-02-28,CUST10210,CARD20555,Ibadan,Gold,POS,Groceries,7551.37,Successful,1,2026-02
TXN300910,2026-04-19,CUST10401,CARD20017,Lagos,Gold,POS,Utilities,3166.09,Successful,1,2026-04
TXN300911,2026-05-01,CUST10061,CARD20063,Lagos,Gold,POS,Entertainment,4708.11,Reversed,0,2026-05
TXN300912,2026-02-02,CUST10268,CARD20253,Ibadan,Gold,Online,Dining,16607.03,Successful,1,2026-02
TXN300913,2026-06-30,CUST10262,CARD20465,Lagos,Platinum,Online,Entertainment,11503.02,Successful,1,2026-06
TXN300914,2026-05-30,CUST10218,CARD20376,Lagos,Gold,POS,Fuel,18386.72,Successful,1,2026-05
TXN300915,2026-01-21,CUST10283,CARD20520,Lagos,Gold,POS,Groceries,2648.5,Declined,0,2026-01
TXN300916,2026-03-11,CUST10136,CARD20090,Kano,Gold,Online,Retail,1814.65,Successful,1,2026-03
TXN300917,2026-04-22,CUST10380,CARD20175,Lagos,Classic,POS,Retail,19562.56,Successful,1,2026-04
TXN300918,2026-01-04,CUST10362,CARD20076,Lagos,Gold,Online,Dining,18437.43,Successful,1,2026-01
TXN300919,2026-04-04,CUST10449,CARD20400,Abuja,Classic,POS,Dining,9597.23,Successful,1,2026-04
TXN300920,2026-03-16,CUST10441,CARD20071,Abuja,Classic,POS,Groceries,11331.94,Successful,1,2026-03
TXN300921,2026-03-03,CUST10093,CARD20180,Lagos,Gold,Online,Dining,16188.08,Successful,1,2026-03
TXN300922,2026-04-04,CUST10109,CARD20124,Abuja,Classic,Online,Dining,9369.54,Declined,0,2026-04
TXN300923,2026-04-05,CUST10241,CARD20381,Lagos,Platinum,Online,Retail,12448.23,Successful,1,2026-04
TXN300924,2026-06-01,CUST10355,CARD20293,Kano,Classic,POS,Groceries,15550.66,Successful,1,2026-06
TXN300925,2026-02-24,CUST10424,CARD20195,Lagos,Classic,POS,Utilities,7519.0,Successful,1,2026-02
TXN300926,2026-05-17,CUST10142,CARD20228,Lagos,Classic,POS,Dining,6145.8,Successful,1,2026-05
TXN300927,2026-05-11,CUST10291,CARD20431,Lagos,Classic,Online,Groceries,10999.91,Successful,1,2026-05
TXN300928,2026-01-31,CUST10432,CARD20436,Lagos,Classic,Online,Fuel,49597.28,Successful,1,2026-01
TXN300929,2026-02-09,CUST10237,CARD20461,Port Harcourt,Classic,POS,Retail,4112.77,Successful,1,2026-02
TXN300930,2026-02-05,CUST10340,CARD20021,Lagos,Classic,Online,Utilities,5741.11,Successful,1,2026-02
TXN300931,2026-06-01,CUST10312,CARD20064,Lagos,Classic,Online,Retail,1987.97,Successful,1,2026-06
TXN300932,2026-01-06,CUST10177,CARD20165,Port Harcourt,Classic,POS,Retail,11474.04,Reversed,0,2026-01
TXN300933,2026-03-07,CUST10141,CARD20027,Abuja,Gold,Online,Travel,5303.13,Successful,1,2026-03
TXN300934,2026-03-16,CUST10189,CARD20311,Lagos,Classic,POS,Groceries,2643.17,Successful,1,2026-03
TXN300935,2026-01-04,CUST10049,CARD20285,Lagos,Gold,POS,Fuel,7701.17,Successful,1,2026-01
TXN300936,2026-03-20,CUST10302,CARD20281,Lagos,Gold,ATM,Dining,26787.89,Successful,1,2026-03
TXN300937,2026-05-14,CUST10369,CARD20164,Lagos,Classic,POS,Fuel,6114.26,Successful,1,2026-05
TXN300938,2026-04-28,CUST10190,CARD20224,Lagos,Platinum,POS,Groceries,6578.68,Successful,1,2026-04
TXN300939,2026-04-23,CUST10136,CARD20146,Abuja,Gold,Online,Retail,25966.58,Declined,0,2026-04
TXN300940,2026-04-04,CUST10043,CARD20030,Ibadan,Gold,ATM,Travel,8070.68,Successful,1,2026-04
TXN300941,2026-06-28,CUST10404,CARD20045,Lagos,Classic,ATM,Groceries,3083.71,Successful,1,2026-06
TXN300942,2026-03-03,CUST10380,CARD20471,Lagos,Gold,Online,Utilities,14061.55,Successful,1,2026-03
TXN300943,2026-03-20,CUST10353,CARD20034,Lagos,Gold,POS,Utilities,19923.89,Successful,1,2026-03
TXN300944,2026-05-16,CUST10090,CARD20427,Lagos,Classic,ATM,Groceries,6902.92,Successful,1,2026-05
TXN300945,2026-01-26,CUST10295,CARD20221,Lagos,Classic,Online,Dining,8994.73,Successful,1,2026-01
TXN300946,2026-06-28,CUST10341,CARD20534,Kano,Classic,POS,Fuel,2838.55,Successful,1,2026-06
TXN300947,2026-06-22,CUST10245,CARD20367,Port Harcourt,Gold,Online,Fuel,4038.1,Successful,1,2026-06
TXN300948,2026-02-13,CUST10433,CARD20550,Kano,Classic,POS,Dining,6207.84,Successful,1,2026-02
TXN300949,2026-05-13,CUST10192,CARD20582,Ibadan,Gold,POS,Travel,8617.45,Successful,1,2026-05
TXN300950,2026-03-11,CUST10318,CARD20116,Abuja,Classic,Online,Retail,4935.46,Successful,1,2026-03
TXN300951,2026-06-03,CUST10106,CARD20239,Abuja,Gold,Online,Entertainment,6023.22,Declined,0,2026-06
TXN300952,2026-04-28,CUST10363,CARD20335,Lagos,Classic,POS,Entertainment,7338.92,Successful,1,2026-04
TXN300953,2026-03-09,CUST10310,CARD20441,Abuja,Classic,POS,Retail,3646.71,Successful,1,2026-03
TXN300954,2026-01-19,CUST10382,CARD20148,Kano,Gold,Online,Utilities,6535.21,Successful,1,2026-01
TXN300955,2026-01-20,CUST10233,CARD20009,Lagos,Classic,POS,Travel,20429.84,Successful,1,2026-01
TXN300956,2026-04-23,CUST10265,CARD20288,Ibadan,Classic,POS,Dining,5030.03,Successful,1,2026-04
TXN300957,2026-05-20,CUST10344,CARD20388,Lagos,Classic,Online,Entertainment,3941.26,Successful,1,2026-05
TXN300958,2026-02-16,CUST10037,CARD20050,Ibadan,Classic,ATM,Groceries,42963.22,Successful,1,2026-02
TXN300959,2026-01-01,CUST10305,CARD20517,Kano,Platinum,Online,Fuel,9705.83,Successful,1,2026-01
TXN300960,2026-03-31,CUST10041,CARD20587,Port Harcourt,Gold,Online,Groceries,4366.55,Successful,1,2026-03
TXN300961,2026-05-22,CUST10017,CARD20278,Port Harcourt,Classic,Online,Fuel,13558.93,Successful,1,2026-05
TXN300962,2026-03-05,CUST10344,CARD20300,Abuja,Classic,Online,Groceries,9945.6,Successful,1,2026-03
TXN300963,2026-02-07,CUST10277,CARD20589,Ibadan,Classic,POS,Dining,5135.08,Successful,1,2026-02
TXN300964,2026-02-06,CUST10307,CARD20135,Kano,Gold,Online,Dining,7791.89,Successful,1,2026-02
TXN300965,2026-05-06,CUST10059,CARD20580,Port Harcourt,Classic,POS,Travel,6417.91,Successful,1,2026-05
TXN300966,2026-05-19,CUST10423,CARD20147,Port Harcourt,Classic,POS,Groceries,17891.24,Successful,1,2026-05
TXN300967,2026-04-10,CUST10183,CARD20490,Abuja,Classic,POS,Groceries,13975.68,Successful,1,2026-04
TXN300968,2026-03-18,CUST10041,CARD20478,Ibadan,Gold,Online,Travel,1459.2,Successful,1,2026-03
TXN300969,2026-01-03,CUST10039,CARD20159,Abuja,Classic,POS,Travel,37135.44,Successful,1,2026-01
TXN300970,2026-06-10,CUST10397,CARD20384,Ibadan,Gold,POS,Dining,6433.97,Successful,1,2026-06
TXN300971,2026-05-14,CUST10192,CARD20163,Abuja,Classic,Online,Dining,32141.09,Successful,1,2026-05
TXN300972,2026-06-27,CUST10267,CARD20441,Lagos,Classic,ATM,Utilities,14369.18,Successful,1,2026-06
TXN300973,2026-01-10,CUST10147,CARD20189,Lagos,Classic,Online,Groceries,9883.12,Successful,1,2026-01
TXN300974,2026-01-05,CUST10395,CARD20415,Abuja,Classic,POS,Dining,7515.1,Successful,1,2026-01
TXN300975,2026-05-31,CUST10333,CARD20339,Lagos,Classic,POS,Entertainment,73645.76,Successful,1,2026-05
TXN300976,2026-05-18,CUST10127,CARD20181,Lagos,Classic,Online,Dining,6520.33,Successful,1,2026-05
TXN300977,2026-06-21,CUST10046,CARD20288,Abuja,Classic,POS,Groceries,4735.94,Successful,1,2026-06
TXN300978,2026-05-10,CUST10045,CARD20187,Lagos,Classic,Online,Travel,5089.59,Successful,1,2026-05
TXN300979,2026-01-13,CUST10001,CARD20138,Lagos,Classic,POS,Groceries,8109.95,Successful,1,2026-01
TXN300980,2026-06-17,CUST10168,CARD20130,Port Harcourt,Platinum,ATM,Entertainment,8098.64,Successful,1,2026-06
TXN300981,2026-05-10,CUST10108,CARD20194,Kano,Classic,POS,Retail,18091.89,Successful,1,2026-05
TXN300982,2026-03-25,CUST10019,CARD20316,Port Harcourt,Gold,POS,Groceries,14862.54,Successful,1,2026-03
TXN300983,2026-03-06,CUST10332,CARD20144,Kano,Classic,Online,Retail,14877.31,Successful,1,2026-03
TXN300984,2026-03-04,CUST10072,CARD20016,Port Harcourt,Classic,POS,Groceries,6750.75,Successful,1,2026-03
TXN300985,2026-04-11,CUST10445,CARD20302,Lagos,Classic,POS,Entertainment,13921.89,Successful,1,2026-04
TXN300986,2026-03-14,CUST10109,CARD20423,Port Harcourt,Classic,Online,Retail,15139.12,Successful,1,2026-03
TXN300987,2026-01-17,CUST10268,CARD20245,Port Harcourt,Classic,POS,Retail,7604.83,Successful,1,2026-01
TXN300988,2026-01-09,CUST10445,CARD20107,Lagos,Classic,POS,Entertainment,10131.05,Successful,1,2026-01
TXN300989,2026-05-23,CUST10240,CARD20088,Lagos,Gold,POS,Groceries,15123.8,Successful,1,2026-05
TXN300990,2026-06-01,CUST10417,CARD20129,Port Harcourt,Classic,POS,Utilities,9594.37,Successful,1,2026-06
TXN300991,2026-02-07,CUST10301,CARD20341,Lagos,Classic,POS,Dining,10355.39,Successful,1,2026-02
TXN300992,2026-06-12,CUST10090,CARD20004,Port Harcourt,Classic,Online,Fuel,24976.14,Successful,1,2026-06
TXN300993,2026-04-04,CUST10103,CARD20327,Lagos,Gold,Online,Dining,9654.8,Successful,1,2026-04
TXN300994,2026-04-05,CUST10250,CARD20410,Abuja,Gold,POS,Retail,4983.13,Successful,1,2026-04
TXN300995,2026-02-18,CUST10008,CARD20306,Abuja,Classic,POS,Groceries,2761.3,Successful,1,2026-02
TXN300996,2026-03-10,CUST10153,CARD20225,Lagos,Classic,ATM,Groceries,8870.8,Successful,1,2026-03
TXN300997,2026-03-03,CUST10347,CARD20348,Lagos,Classic,ATM,Groceries,6215.65,Successful,1,2026-03
TXN300998,2026-06-27,CUST10174,CARD20321,Abuja,Classic,POS,Groceries,15469.89,Successful,1,2026-06
TXN300999,2026-03-19,CUST10343,CARD20559,Ibadan,Gold,Online,Utilities,28628.51,Successful,1,2026-03
TXN301000,2026-04-27,CUST10158,CARD20181,Ibadan,Gold,Online,Fuel,3555.45,Successful,1,2026-04
TXN301001,2026-04-30,CUST10431,CARD20386,Abuja,Classic,POS,Travel,3989.11,Successful,1,2026-04
TXN301002,2026-05-17,CUST10215,CARD20108,Port Harcourt,Classic,POS,Retail,7947.98,Successful,1,2026-05
TXN301003,2026-06-11,CUST10177,CARD20531,Lagos,Gold,POS,Fuel,4272.93,Successful,1,2026-06
TXN301004,2026-03-17,CUST10175,CARD20410,Lagos,Classic,Online,Dining,6784.39,Successful,1,2026-03
TXN301005,2026-02-04,CUST10340,CARD20296,Lagos,Classic,Online,Travel,5276.73,Successful,1,2026-02
TXN301006,2026-01-01,CUST10338,CARD20171,Abuja,Gold,Online,Travel,3618.37,Reversed,0,2026-01
TXN301007,2026-02-09,CUST10146,CARD20331,Lagos,Classic,POS,Groceries,15688.89,Successful,1,2026-02
TXN301008,2026-03-05,CUST10450,CARD20493,Lagos,Classic,Online,Fuel,8606.09,Reversed,0,2026-03
TXN301009,2026-05-30,CUST10324,CARD20195,Port Harcourt,Classic,Online,Dining,35041.73,Successful,1,2026-05
TXN301010,2026-03-01,CUST10161,CARD20012,Port Harcourt,Gold,Online,Groceries,10798.96,Successful,1,2026-03
TXN301011,2026-03-05,CUST10127,CARD20195,Lagos,Classic,POS,Groceries,22716.02,Successful,1,2026-03
TXN301012,2026-04-03,CUST10420,CARD20490,Lagos,Platinum,Online,Entertainment,4523.14,Successful,1,2026-04
TXN301013,2026-03-13,CUST10082,CARD20182,Abuja,Gold,POS,Entertainment,4478.46,Successful,1,2026-03
TXN301014,2026-01-11,CUST10147,CARD20316,Abuja,Classic,Online,Entertainment,47891.65,Successful,1,2026-01
TXN301015,2026-04-15,CUST10239,CARD20030,Port Harcourt,Classic,Online,Utilities,4978.42,Declined,0,2026-04
TXN301016,2026-01-14,CUST10412,CARD20596,Lagos,Classic,POS,Retail,3792.12,Successful,1,2026-01
TXN301017,2026-03-01,CUST10424,CARD20096,Port Harcourt,Classic,Online,Travel,3174.81,Successful,1,2026-03
TXN301018,2026-01-30,CUST10084,CARD20381,Ibadan,Gold,POS,Dining,37518.91,Successful,1,2026-01
TXN301019,2026-02-04,CUST10113,CARD20444,Lagos,Gold,Online,Travel,6504.45,Successful,1,2026-02
TXN301020,2026-06-14,CUST10225,CARD20298,Kano,Classic,POS,Fuel,11189.3,Successful,1,2026-06
TXN301021,2026-01-05,CUST10332,CARD20361,Lagos,Gold,Online,Retail,9146.42,Successful,1,2026-01
TXN301022,2026-03-24,CUST10378,CARD20374,Lagos,Classic,ATM,Groceries,4542.68,Successful,1,2026-03
TXN301023,2026-05-03,CUST10243,CARD20554,Abuja,Gold,POS,Retail,6392.99,Successful,1,2026-05
TXN301024,2026-03-19,CUST10143,CARD20303,Lagos,Gold,Online,Groceries,15939.36,Successful,1,2026-03
TXN301025,2026-06-03,CUST10041,CARD20421,Lagos,Classic,POS,Entertainment,3039.09,Successful,1,2026-06
TXN301026,2026-03-03,CUST10423,CARD20246,Lagos,Classic,POS,Retail,13895.7,Successful,1,2026-03
TXN301027,2026-05-12,CUST10258,CARD20237,Port Harcourt,Gold,Online,Groceries,25520.32,Successful,1,2026-05
TXN301028,2026-03-30,CUST10447,CARD20534,Kano,Gold,Online,Travel,10238.4,Declined,0,2026-03
TXN301029,2026-02-11,CUST10285,CARD20185,Port Harcourt,Classic,ATM,Entertainment,23546.21,Successful,1,2026-02
TXN301030,2026-03-30,CUST10105,CARD20468,Lagos,Classic,Online,Entertainment,2705.03,Successful,1,2026-03
TXN301031,2026-05-26,CUST10202,CARD20363,Port Harcourt,Gold,Online,Entertainment,1874.25,Successful,1,2026-05
TXN301032,2026-02-09,CUST10450,CARD20283,Port Harcourt,Classic,Online,Travel,9839.06,Successful,1,2026-02
TXN301033,2026-03-13,CUST10307,CARD20553,Ibadan,Classic,Online,Travel,5069.13,Successful,1,2026-03
TXN301034,2026-02-08,CUST10331,CARD20336,Ibadan,Classic,Online,Travel,16366.83,Declined,0,2026-02
TXN301035,2026-04-14,CUST10266,CARD20162,Ibadan,Classic,POS,Entertainment,6321.08,Successful,1,2026-04
TXN301036,2026-01-14,CUST10398,CARD20160,Lagos,Classic,POS,Retail,9115.7,Successful,1,2026-01
TXN301037,2026-02-01,CUST10210,CARD20474,Port Harcourt,Platinum,Online,Groceries,8645.44,Successful,1,2026-02
TXN301038,2026-06-28,CUST10051,CARD20322,Lagos,Gold,Online,Travel,8868.91,Successful,1,2026-06
TXN301039,2026-05-05,CUST10118,CARD20012,Kano,Classic,Online,Retail,5249.48,Successful,1,2026-05
TXN301040,2026-06-15,CUST10201,CARD20424,Lagos,Classic,POS,Groceries,2719.71,Successful,1,2026-06
TXN301041,2026-04-07,CUST10377,CARD20073,Lagos,Classic,ATM,Entertainment,6799.79,Successful,1,2026-04
TXN301042,2026-01-23,CUST10039,CARD20588,Lagos,Classic,POS,Retail,25849.16,Successful,1,2026-01
TXN301043,2026-03-04,CUST10028,CARD20201,Port Harcourt,Platinum,Online,Entertainment,4978.77,Successful,1,2026-03
TXN301044,2026-05-23,CUST10259,CARD20522,Abuja,Classic,POS,Utilities,4956.84,Successful,1,2026-05
TXN301045,2026-06-02,CUST10084,CARD20505,Abuja,Platinum,POS,Travel,9192.27,Successful,1,2026-06
TXN301046,2026-05-25,CUST10155,CARD20039,Kano,Classic,Online,Fuel,3159.97,Successful,1,2026-05
TXN301047,2026-02-22,CUST10117,CARD20060,Kano,Gold,ATM,Retail,18084.14,Declined,0,2026-02
TXN301048,2026-04-14,CUST10002,CARD20578,Lagos,Classic,POS,Travel,3410.49,Successful,1,2026-04
TXN301049,2026-04-14,CUST10093,CARD20321,Lagos,Classic,POS,Dining,6428.92,Successful,1,2026-04
TXN301050,2026-06-28,CUST10166,CARD20435,Ibadan,Classic,POS,Groceries,61767.13,Successful,1,2026-06
TXN301051,2026-02-08,CUST10387,CARD20408,Kano,Gold,POS,Utilities,3248.5,Successful,1,2026-02
TXN301052,2026-06-28,CUST10400,CARD20386,Abuja,Gold,POS,Travel,26315.06,Successful,1,2026-06
TXN301053,2026-05-14,CUST10350,CARD20569,Port Harcourt,Gold,Online,Dining,8928.45,Successful,1,2026-05
TXN301054,2026-03-08,CUST10296,CARD20078,Lagos,Gold,ATM,Retail,9995.14,Successful,1,2026-03
TXN301055,2026-05-15,CUST10258,CARD20194,Ibadan,Gold,POS,Retail,4240.82,Successful,1,2026-05
TXN301056,2026-06-28,CUST10081,CARD20285,Port Harcourt,Classic,Online,Dining,15351.99,Successful,1,2026-06
TXN301057,2026-02-11,CUST10425,CARD20527,Abuja,Classic,POS,Utilities,6046.65,Successful,1,2026-02
TXN301058,2026-01-15,CUST10268,CARD20524,Lagos,Gold,POS,Dining,3234.96,Successful,1,2026-01
TXN301059,2026-04-21,CUST10419,CARD20156,Kano,Gold,POS,Groceries,25965.61,Successful,1,2026-04
TXN301060,2026-06-06,CUST10235,CARD20340,Abuja,Gold,Online,Retail,5951.04,Successful,1,2026-06
TXN301061,2026-02-02,CUST10321,CARD20125,Lagos,Classic,POS,Dining,1830.77,Successful,1,2026-02
TXN301062,2026-06-04,CUST10311,CARD20280,Abuja,Classic,POS,Fuel,6535.7,Declined,0,2026-06
TXN301063,2026-06-13,CUST10301,CARD20128,Port Harcourt,Platinum,POS,Fuel,15466.87,Successful,1,2026-06
TXN301064,2026-06-06,CUST10357,CARD20314,Abuja,Gold,POS,Dining,13611.76,Successful,1,2026-06
TXN301065,2026-02-07,CUST10213,CARD20332,Port Harcourt,Classic,POS,Groceries,4852.73,Successful,1,2026-02
TXN301066,2026-04-07,CUST10062,CARD20150,Abuja,Gold,ATM,Retail,3707.14,Successful,1,2026-04
TXN301067,2026-06-04,CUST10049,CARD20454,Kano,Platinum,Online,Fuel,2716.39,Successful,1,2026-06
TXN301068,2026-02-02,CUST10127,CARD20036,Lagos,Classic,Online,Dining,7956.86,Successful,1,2026-02
TXN301069,2026-03-27,CUST10223,CARD20420,Lagos,Gold,POS,Entertainment,9143.48,Successful,1,2026-03
TXN301070,2026-03-07,CUST10409,CARD20022,Lagos,Platinum,POS,Dining,14287.9,Successful,1,2026-03
TXN301071,2026-01-10,CUST10279,CARD20206,Port Harcourt,Platinum,POS,Travel,7192.35,Successful,1,2026-01
TXN301072,2026-01-05,CUST10408,CARD20356,Port Harcourt,Platinum,POS,Dining,7023.84,Successful,1,2026-01
TXN301073,2026-05-03,CUST10294,CARD20440,Ibadan,Classic,Online,Groceries,6484.73,Successful,1,2026-05
TXN301074,2026-03-15,CUST10284,CARD20096,Port Harcourt,Classic,POS,Fuel,9155.97,Successful,1,2026-03
TXN301075,2026-04-07,CUST10277,CARD20164,Abuja,Classic,POS,Travel,7281.33,Successful,1,2026-04
TXN301076,2026-04-28,CUST10438,CARD20148,Kano,Classic,Online,Fuel,17176.03,Successful,1,2026-04
TXN301077,2026-02-07,CUST10107,CARD20530,Lagos,Classic,POS,Fuel,10390.8,Successful,1,2026-02
TXN301078,2026-05-21,CUST10146,CARD20294,Ibadan,Classic,ATM,Groceries,8834.34,Successful,1,2026-05
TXN301079,2026-06-08,CUST10420,CARD20195,Abuja,Classic,POS,Dining,7837.02,Successful,1,2026-06
TXN301080,2026-02-16,CUST10099,CARD20480,Port Harcourt,Classic,Online,Groceries,3814.41,Successful,1,2026-02
TXN301081,2026-04-19,CUST10429,CARD20123,Port Harcourt,Classic,POS,Dining,8098.85,Successful,1,2026-04
TXN301082,2026-06-29,CUST10375,CARD20400,Port Harcourt,Gold,ATM,Travel,4830.85,Successful,1,2026-06
TXN301083,2026-01-15,CUST10073,CARD20452,Lagos,Classic,POS,Groceries,10691.89,Successful,1,2026-01
TXN301084,2026-06-06,CUST10437,CARD20104,Abuja,Gold,Online,Groceries,6856.23,Successful,1,2026-06
TXN301085,2026-05-16,CUST10122,CARD20462,Abuja,Classic,POS,Entertainment,30682.62,Successful,1,2026-05
TXN301086,2026-01-05,CUST10030,CARD20396,Ibadan,Classic,Online,Utilities,2952.59,Successful,1,2026-01
TXN301087,2026-06-06,CUST10188,CARD20337,Abuja,Platinum,POS,Retail,678.3,Successful,1,2026-06
TXN301088,2026-02-16,CUST10364,CARD20599,Kano,Classic,POS,Groceries,10037.97,Successful,1,2026-02
TXN301089,2026-03-09,CUST10354,CARD20142,Abuja,Classic,ATM,Utilities,4843.55,Successful,1,2026-03
TXN301090,2026-03-17,CUST10288,CARD20317,Abuja,Classic,ATM,Retail,9217.4,Successful,1,2026-03
TXN301091,2026-06-22,CUST10195,CARD20558,Ibadan,Classic,POS,Entertainment,3015.41,Successful,1,2026-06
TXN301092,2026-05-10,CUST10156,CARD20527,Abuja,Classic,Online,Dining,37315.64,Successful,1,2026-05
TXN301093,2026-06-04,CUST10172,CARD20556,Kano,Classic,POS,Dining,5947.89,Successful,1,2026-06
TXN301094,2026-04-05,CUST10335,CARD20401,Port Harcourt,Classic,Online,Dining,4599.23,Successful,1,2026-04
TXN301095,2026-04-25,CUST10041,CARD20310,Abuja,Platinum,Online,Utilities,36768.39,Successful,1,2026-04
TXN301096,2026-06-13,CUST10063,CARD20495,Lagos,Gold,Online,Utilities,15871.41,Successful,1,2026-06
TXN301097,2026-02-05,CUST10023,CARD20556,Lagos,Classic,ATM,Retail,24627.24,Successful,1,2026-02
TXN301098,2026-01-26,CUST10360,CARD20109,Lagos,Classic,Online,Dining,7060.41,Successful,1,2026-01
TXN301099,2026-02-12,CUST10075,CARD20372,Port Harcourt,Classic,POS,Fuel,8412.95,Successful,1,2026-02
TXN301100,2026-01-27,CUST10048,CARD20206,Lagos,Classic,Online,Groceries,5027.2,Successful,1,2026-01
TXN301101,2026-03-10,CUST10160,CARD20043,Lagos,Classic,POS,Utilities,4578.94,Successful,1,2026-03
TXN301102,2026-05-28,CUST10313,CARD20245,Lagos,Gold,Online,Utilities,11143.27,Successful,1,2026-05
TXN301103,2026-01-11,CUST10118,CARD20287,Lagos,Classic,Online,Utilities,6034.44,Successful,1,2026-01
TXN301104,2026-03-15,CUST10100,CARD20355,Lagos,Gold,POS,Retail,47889.68,Successful,1,2026-03
TXN301105,2026-04-14,CUST10380,CARD20476,Ibadan,Classic,Online,Dining,15899.14,Successful,1,2026-04
TXN301106,2026-02-07,CUST10417,CARD20083,Port Harcourt,Platinum,Online,Fuel,36556.32,Successful,1,2026-02
TXN301107,2026-05-14,CUST10408,CARD20110,Port Harcourt,Gold,Online,Groceries,1362.47,Successful,1,2026-05
TXN301108,2026-01-23,CUST10167,CARD20190,Ibadan,Gold,POS,Groceries,36913.65,Successful,1,2026-01
TXN301109,2026-02-16,CUST10290,CARD20251,Lagos,Classic,POS,Dining,1202.36,Successful,1,2026-02
TXN301110,2026-03-31,CUST10440,CARD20291,Ibadan,Platinum,Online,Fuel,2955.05,Successful,1,2026-03
TXN301111,2026-02-15,CUST10156,CARD20201,Lagos,Gold,POS,Retail,1993.97,Successful,1,2026-02
TXN301112,2026-04-17,CUST10421,CARD20326,Lagos,Gold,POS,Utilities,9842.25,Successful,1,2026-04
TXN301113,2026-05-20,CUST10007,CARD20511,Abuja,Classic,Online,Utilities,7985.98,Successful,1,2026-05
TXN301114,2026-05-21,CUST10196,CARD20409,Lagos,Gold,POS,Entertainment,15305.01,Successful,1,2026-05
TXN301115,2026-04-14,CUST10421,CARD20508,Port Harcourt,Classic,Online,Dining,7549.44,Declined,0,2026-04
TXN301116,2026-04-21,CUST10056,CARD20072,Lagos,Gold,Online,Groceries,21592.04,Successful,1,2026-04
TXN301117,2026-04-14,CUST10321,CARD20247,Ibadan,Gold,Online,Utilities,3842.37,Successful,1,2026-04
TXN301118,2026-03-01,CUST10193,CARD20587,Abuja,Classic,POS,Entertainment,21994.12,Successful,1,2026-03
TXN301119,2026-06-20,CUST10047,CARD20566,Lagos,Classic,POS,Groceries,7906.24,Successful,1,2026-06
TXN301120,2026-04-10,CUST10148,CARD20344,Port Harcourt,Classic,POS,Groceries,53353.14,Successful,1,2026-04
TXN301121,2026-03-09,CUST10275,CARD20054,Lagos,Gold,Online,Dining,16277.28,Successful,1,2026-03
TXN301122,2026-05-13,CUST10157,CARD20528,Abuja,Classic,POS,Travel,6355.47,Successful,1,2026-05
TXN301123,2026-04-30,CUST10202,CARD20532,Lagos,Classic,ATM,Entertainment,7885.19,Successful,1,2026-04
TXN301124,2026-02-06,CUST10444,CARD20558,Abuja,Classic,Online,Travel,3614.49,Successful,1,2026-02
TXN301125,2026-03-13,CUST10402,CARD20193,Port Harcourt,Gold,ATM,Travel,10802.02,Successful,1,2026-03
TXN301126,2026-05-07,CUST10419,CARD20058,Lagos,Classic,POS,Entertainment,6352.75,Successful,1,2026-05
TXN301127,2026-04-16,CUST10427,CARD20437,Kano,Gold,POS,Fuel,14462.79,Declined,0,2026-04
TXN301128,2026-04-02,CUST10126,CARD20111,Ibadan,Classic,ATM,Dining,2778.32,Successful,1,2026-04
TXN301129,2026-01-31,CUST10395,CARD20129,Port Harcourt,Gold,POS,Entertainment,6224.58,Declined,0,2026-01
TXN301130,2026-05-02,CUST10305,CARD20326,Port Harcourt,Platinum,POS,Groceries,3204.73,Successful,1,2026-05
TXN301131,2026-05-17,CUST10369,CARD20008,Lagos,Classic,POS,Entertainment,3368.18,Successful,1,2026-05
TXN301132,2026-02-20,CUST10294,CARD20029,Port Harcourt,Classic,ATM,Utilities,13158.72,Successful,1,2026-02
TXN301133,2026-01-29,CUST10064,CARD20112,Lagos,Gold,Online,Entertainment,19922.5,Successful,1,2026-01
TXN301134,2026-02-09,CUST10325,CARD20131,Lagos,Classic,Online,Fuel,1253.84,Declined,0,2026-02
TXN301135,2026-02-10,CUST10392,CARD20188,Kano,Classic,Online,Travel,35936.17,Successful,1,2026-02
TXN301136,2026-01-11,CUST10418,CARD20475,Port Harcourt,Gold,POS,Retail,24916.11,Successful,1,2026-01
TXN301137,2026-05-31,CUST10176,CARD20364,Abuja,Platinum,Online,Fuel,2759.1,Declined,0,2026-05
TXN301138,2026-01-01,CUST10116,CARD20204,Lagos,Gold,POS,Fuel,15700.92,Declined,0,2026-01
TXN301139,2026-02-15,CUST10440,CARD20212,Abuja,Classic,Online,Dining,5607.45,Successful,1,2026-02
TXN301140,2026-04-11,CUST10204,CARD20276,Lagos,Classic,POS,Utilities,7491.46,Successful,1,2026-04
TXN301141,2026-05-29,CUST10321,CARD20073,Lagos,Classic,POS,Fuel,13116.73,Successful,1,2026-05
TXN301142,2026-03-31,CUST10031,CARD20243,Lagos,Gold,Online,Entertainment,11896.47,Declined,0,2026-03
TXN301143,2026-04-20,CUST10388,CARD20102,Abuja,Gold,POS,Utilities,5123.55,Successful,1,2026-04
TXN301144,2026-06-13,CUST10113,CARD20171,Abuja,Platinum,Online,Dining,5106.22,Successful,1,2026-06
TXN301145,2026-02-26,CUST10365,CARD20188,Lagos,Classic,POS,Entertainment,5353.03,Successful,1,2026-02
TXN301146,2026-01-01,CUST10434,CARD20441,Port Harcourt,Gold,POS,Retail,20216.66,Successful,1,2026-01
TXN301147,2026-03-04,CUST10325,CARD20086,Lagos,Classic,POS,Groceries,1827.21,Declined,0,2026-03
TXN301148,2026-02-24,CUST10414,CARD20476,Port Harcourt,Classic,Online,Groceries,7118.62,Successful,1,2026-02
TXN301149,2026-04-25,CUST10376,CARD20052,Kano,Gold,POS,Travel,28510.78,Successful,1,2026-04
TXN301150,2026-06-17,CUST10344,CARD20111,Port Harcourt,Classic,Online,Travel,14227.94,Successful,1,2026-06
TXN301151,2026-05-23,CUST10443,CARD20043,Ibadan,Gold,POS,Retail,18784.2,Successful,1,2026-05
TXN301152,2026-05-29,CUST10067,CARD20211,Kano,Gold,POS,Groceries,7197.96,Successful,1,2026-05
TXN301153,2026-06-24,CUST10075,CARD20200,Abuja,Platinum,POS,Travel,3194.38,Reversed,0,2026-06
TXN301154,2026-02-22,CUST10045,CARD20026,Port Harcourt,Gold,ATM,Utilities,8472.24,Successful,1,2026-02
TXN301155,2026-05-17,CUST10260,CARD20299,Ibadan,Gold,Online,Fuel,4669.71,Successful,1,2026-05
TXN301156,2026-06-29,CUST10154,CARD20077,Lagos,Classic,POS,Dining,48269.21,Successful,1,2026-06
TXN301157,2026-02-26,CUST10155,CARD20137,Lagos,Classic,Online,Entertainment,7139.93,Successful,1,2026-02
TXN301158,2026-04-27,CUST10430,CARD20020,Kano,Classic,Online,Travel,13493.55,Successful,1,2026-04
TXN301159,2026-06-03,CUST10363,CARD20440,Port Harcourt,Classic,POS,Retail,31631.65,Successful,1,2026-06
TXN301160,2026-06-18,CUST10448,CARD20211,Lagos,Gold,Online,Entertainment,3369.77,Successful,1,2026-06
TXN301161,2026-02-04,CUST10234,CARD20551,Abuja,Gold,POS,Groceries,1307.95,Successful,1,2026-02
TXN301162,2026-03-04,CUST10051,CARD20435,Ibadan,Classic,Online,Retail,11992.19,Reversed,0,2026-03
TXN301163,2026-01-25,CUST10306,CARD20207,Abuja,Classic,Online,Dining,13942.01,Successful,1,2026-01
TXN301164,2026-03-31,CUST10262,CARD20439,Port Harcourt,Classic,POS,Dining,5818.06,Successful,1,2026-03
TXN301165,2026-03-16,CUST10315,CARD20042,Port Harcourt,Gold,POS,Retail,3213.12,Successful,1,2026-03
TXN301166,2026-02-07,CUST10125,CARD20411,Port Harcourt,Gold,ATM,Travel,10382.27,Successful,1,2026-02
TXN301167,2026-05-10,CUST10399,CARD20523,Abuja,Gold,Online,Travel,7950.6,Successful,1,2026-05
TXN301168,2026-05-15,CUST10245,CARD20427,Port Harcourt,Classic,Online,Groceries,10485.63,Successful,1,2026-05
TXN301169,2026-06-11,CUST10030,CARD20275,Port Harcourt,Classic,POS,Utilities,3273.57,Successful,1,2026-06
TXN301170,2026-04-01,CUST10426,CARD20448,Port Harcourt,Gold,POS,Groceries,10507.41,Declined,0,2026-04
TXN301171,2026-01-17,CUST10122,CARD20369,Lagos,Gold,POS,Fuel,15609.4,Successful,1,2026-01
TXN301172,2026-05-08,CUST10125,CARD20220,Lagos,Classic,POS,Utilities,2429.13,Successful,1,2026-05
TXN301173,2026-06-20,CUST10037,CARD20577,Kano,Gold,Online,Entertainment,26064.6,Successful,1,2026-06
TXN301174,2026-04-18,CUST10170,CARD20232,Lagos,Classic,ATM,Fuel,9932.77,Successful,1,2026-04
TXN301175,2026-06-28,CUST10124,CARD20328,Lagos,Gold,Online,Groceries,16006.59,Successful,1,2026-06
TXN301176,2026-06-01,CUST10357,CARD20443,Abuja,Gold,POS,Utilities,2912.76,Successful,1,2026-06
TXN301177,2026-01-25,CUST10035,CARD20052,Ibadan,Gold,Online,Utilities,13989.58,Successful,1,2026-01
TXN301178,2026-06-29,CUST10087,CARD20376,Lagos,Classic,ATM,Fuel,2173.92,Reversed,0,2026-06
TXN301179,2026-03-29,CUST10134,CARD20263,Lagos,Classic,Online,Retail,3794.86,Successful,1,2026-03
TXN301180,2026-06-10,CUST10196,CARD20267,Lagos,Gold,Online,Travel,10003.54,Successful,1,2026-06
TXN301181,2026-06-26,CUST10274,CARD20359,Port Harcourt,Gold,ATM,Utilities,6497.94,Successful,1,2026-06
TXN301182,2026-01-29,CUST10201,CARD20317,Lagos,Gold,Online,Entertainment,8283.31,Successful,1,2026-01
TXN301183,2026-03-04,CUST10369,CARD20324,Lagos,Gold,POS,Entertainment,37869.81,Successful,1,2026-03
TXN301184,2026-05-30,CUST10285,CARD20563,Abuja,Classic,POS,Utilities,8180.03,Successful,1,2026-05
TXN301185,2026-06-03,CUST10077,CARD20421,Ibadan,Platinum,ATM,Fuel,14296.38,Successful,1,2026-06
TXN301186,2026-06-05,CUST10059,CARD20046,Lagos,Gold,Online,Utilities,7681.63,Successful,1,2026-06
TXN301187,2026-04-24,CUST10431,CARD20600,Lagos,Classic,POS,Fuel,7501.75,Reversed,0,2026-04
TXN301188,2026-02-18,CUST10126,CARD20269,Abuja,Gold,POS,Retail,3704.8,Successful,1,2026-02
TXN301189,2026-03-22,CUST10401,CARD20381,Kano,Classic,Online,Entertainment,10878.0,Successful,1,2026-03
TXN301190,2026-03-25,CUST10109,CARD20118,Abuja,Classic,ATM,Utilities,61597.93,Successful,1,2026-03
TXN301191,2026-04-15,CUST10224,CARD20566,Kano,Classic,POS,Dining,8693.15,Successful,1,2026-04
TXN301192,2026-06-26,CUST10278,CARD20116,Ibadan,Gold,Online,Groceries,6544.59,Successful,1,2026-06
TXN301193,2026-05-28,CUST10068,CARD20260,Lagos,Platinum,Online,Entertainment,20173.24,Successful,1,2026-05
TXN301194,2026-04-28,CUST10069,CARD20075,Port Harcourt,Gold,POS,Retail,18365.74,Successful,1,2026-04
TXN301195,2026-03-27,CUST10165,CARD20480,Lagos,Classic,POS,Dining,11513.16,Successful,1,2026-03
TXN301196,2026-03-04,CUST10305,CARD20305,Abuja,Classic,ATM,Entertainment,6331.58,Successful,1,2026-03
TXN301197,2026-04-14,CUST10397,CARD20007,Lagos,Classic,Online,Retail,20242.55,Successful,1,2026-04
TXN301198,2026-02-18,CUST10162,CARD20366,Lagos,Classic,Online,Travel,8926.18,Successful,1,2026-02
TXN301199,2026-03-12,CUST10365,CARD20523,Kano,Gold,Online,Retail,16831.52,Successful,1,2026-03
TXN301200,2026-01-01,CUST10342,CARD20348,Lagos,Platinum,POS,Retail,4207.24,Successful,1,2026-01
TXN301201,2026-05-21,CUST10309,CARD20438,Ibadan,Classic,ATM,Travel,5067.65,Successful,1,2026-05
TXN301202,2026-06-28,CUST10379,CARD20215,Lagos,Gold,POS,Utilities,8756.08,Reversed,0,2026-06
TXN301203,2026-05-03,CUST10343,CARD20429,Lagos,Platinum,POS,Groceries,3016.44,Successful,1,2026-05
TXN301204,2026-03-03,CUST10435,CARD20498,Ibadan,Classic,POS,Dining,6027.45,Successful,1,2026-03
TXN301205,2026-02-01,CUST10387,CARD20540,Port Harcourt,Gold,POS,Entertainment,2911.34,Declined,0,2026-02
TXN301206,2026-06-07,CUST10042,CARD20367,Port Harcourt,Gold,Online,Fuel,2354.77,Successful,1,2026-06
TXN301207,2026-01-29,CUST10354,CARD20313,Lagos,Gold,Online,Groceries,56885.41,Successful,1,2026-01
TXN301208,2026-02-18,CUST10416,CARD20538,Abuja,Classic,ATM,Entertainment,4978.18,Successful,1,2026-02
TXN301209,2026-06-22,CUST10109,CARD20054,Port Harcourt,Gold,POS,Retail,5341.03,Reversed,0,2026-06
TXN301210,2026-01-30,CUST10051,CARD20541,Port Harcourt,Gold,Online,Fuel,8640.15,Successful,1,2026-01
TXN301211,2026-05-24,CUST10250,CARD20467,Abuja,Classic,Online,Travel,3465.49,Successful,1,2026-05
TXN301212,2026-06-17,CUST10341,CARD20164,Kano,Classic,Online,Groceries,5424.42,Successful,1,2026-06
TXN301213,2026-01-19,CUST10430,CARD20334,Port Harcourt,Classic,Online,Utilities,35155.18,Successful,1,2026-01
TXN301214,2026-01-18,CUST10383,CARD20547,Kano,Platinum,POS,Dining,10791.13,Successful,1,2026-01
TXN301215,2026-01-01,CUST10021,CARD20348,Port Harcourt,Classic,POS,Groceries,17834.06,Successful,1,2026-01
TXN301216,2026-03-19,CUST10300,CARD20273,Port Harcourt,Gold,POS,Groceries,28534.65,Successful,1,2026-03
TXN301217,2026-04-25,CUST10139,CARD20414,Lagos,Classic,Online,Utilities,9590.42,Declined,0,2026-04
TXN301218,2026-06-24,CUST10359,CARD20500,Lagos,Classic,ATM,Fuel,6788.62,Successful,1,2026-06
TXN301219,2026-04-23,CUST10324,CARD20093,Ibadan,Classic,POS,Travel,2573.23,Successful,1,2026-04
TXN301220,2026-04-24,CUST10385,CARD20079,Lagos,Classic,POS,Utilities,5965.12,Successful,1,2026-04
TXN301221,2026-06-15,CUST10092,CARD20217,Lagos,Classic,POS,Entertainment,7115.29,Successful,1,2026-06
TXN301222,2026-06-28,CUST10447,CARD20358,Lagos,Gold,Online,Travel,4247.89,Successful,1,2026-06
TXN301223,2026-03-04,CUST10280,CARD20507,Lagos,Classic,POS,Utilities,27894.37,Successful,1,2026-03
TXN301224,2026-05-12,CUST10125,CARD20559,Kano,Classic,POS,Groceries,19571.62,Successful,1,2026-05
TXN301225,2026-05-09,CUST10397,CARD20181,Ibadan,Classic,POS,Travel,17826.36,Successful,1,2026-05
TXN301226,2026-01-08,CUST10111,CARD20576,Abuja,Gold,Online,Fuel,7383.76,Declined,0,2026-01
TXN301227,2026-06-06,CUST10354,CARD20246,Lagos,Gold,Online,Fuel,3546.0,Successful,1,2026-06
TXN301228,2026-02-24,CUST10139,CARD20244,Port Harcourt,Gold,Online,Dining,23444.73,Successful,1,2026-02
TXN301229,2026-04-13,CUST10435,CARD20506,Port Harcourt,Platinum,POS,Travel,10596.61,Declined,0,2026-04
TXN301230,2026-05-11,CUST10273,CARD20422,Kano,Classic,POS,Dining,15039.96,Successful,1,2026-05
TXN301231,2026-02-01,CUST10099,CARD20320,Abuja,Classic,POS,Entertainment,13298.38,Successful,1,2026-02
TXN301232,2026-01-10,CUST10252,CARD20087,Lagos,Classic,POS,Utilities,10388.99,Successful,1,2026-01
TXN301233,2026-04-20,CUST10338,CARD20217,Abuja,Classic,POS,Retail,40122.5,Successful,1,2026-04
TXN301234,2026-06-11,CUST10104,CARD20490,Kano,Gold,POS,Entertainment,4789.04,Successful,1,2026-06
TXN301235,2026-05-04,CUST10214,CARD20519,Port Harcourt,Classic,Online,Fuel,6328.74,Successful,1,2026-05
TXN301236,2026-03-28,CUST10249,CARD20278,Port Harcourt,Classic,POS,Groceries,30119.46,Successful,1,2026-03
TXN301237,2026-02-24,CUST10152,CARD20169,Lagos,Classic,POS,Fuel,8652.91,Successful,1,2026-02
TXN301238,2026-02-01,CUST10250,CARD20330,Port Harcourt,Platinum,Online,Retail,7326.5,Successful,1,2026-02
TXN301239,2026-06-27,CUST10275,CARD20441,Port Harcourt,Platinum,Online,Groceries,6618.3,Successful,1,2026-06
TXN301240,2026-05-15,CUST10165,CARD20391,Lagos,Classic,Online,Travel,13952.89,Successful,1,2026-05
TXN301241,2026-04-03,CUST10341,CARD20496,Abuja,Classic,Online,Travel,6745.1,Successful,1,2026-04
TXN301242,2026-01-08,CUST10008,CARD20381,Lagos,Gold,POS,Entertainment,6165.7,Successful,1,2026-01
TXN301243,2026-03-06,CUST10284,CARD20306,Lagos,Platinum,Online,Fuel,13770.07,Successful,1,2026-03
TXN301244,2026-02-26,CUST10005,CARD20513,Lagos,Classic,Online,Groceries,8730.74,Successful,1,2026-02
TXN301245,2026-03-08,CUST10145,CARD20188,Lagos,Classic,POS,Utilities,3613.54,Successful,1,2026-03
TXN301246,2026-03-13,CUST10101,CARD20516,Abuja,Platinum,POS,Groceries,8313.31,Successful,1,2026-03
TXN301247,2026-02-23,CUST10164,CARD20427,Lagos,Gold,Online,Dining,24726.36,Successful,1,2026-02
TXN301248,2026-03-08,CUST10374,CARD20502,Lagos,Classic,POS,Retail,14946.69,Successful,1,2026-03
TXN301249,2026-02-20,CUST10147,CARD20260,Ibadan,Gold,POS,Entertainment,27292.95,Successful,1,2026-02
TXN301250,2026-04-07,CUST10064,CARD20513,Abuja,Platinum,POS,Travel,4514.1,Successful,1,2026-04
TXN301251,2026-04-02,CUST10091,CARD20071,Abuja,Gold,POS,Fuel,19075.95,Successful,1,2026-04
TXN301252,2026-01-08,CUST10117,CARD20478,Lagos,Gold,POS,Groceries,4823.17,Successful,1,2026-01
TXN301253,2026-06-11,CUST10354,CARD20178,Port Harcourt,Gold,POS,Travel,3023.24,Successful,1,2026-06
TXN301254,2026-02-04,CUST10267,CARD20457,Lagos,Classic,POS,Fuel,4262.24,Successful,1,2026-02
TXN301255,2026-04-06,CUST10310,CARD20189,Ibadan,Gold,POS,Travel,9001.34,Successful,1,2026-04
TXN301256,2026-03-29,CUST10173,CARD20291,Lagos,Classic,Online,Fuel,18441.54,Successful,1,2026-03
TXN301257,2026-03-19,CUST10047,CARD20520,Port Harcourt,Platinum,POS,Travel,10387.23,Successful,1,2026-03
TXN301258,2026-02-01,CUST10140,CARD20292,Lagos,Classic,ATM,Utilities,7167.95,Successful,1,2026-02
TXN301259,2026-04-30,CUST10246,CARD20283,Port Harcourt,Platinum,Online,Dining,3548.32,Successful,1,2026-04
TXN301260,2026-02-15,CUST10149,CARD20544,Abuja,Classic,Online,Retail,14246.48,Successful,1,2026-02
TXN301261,2026-05-24,CUST10246,CARD20377,Abuja,Classic,Online,Travel,17516.49,Successful,1,2026-05
TXN301262,2026-06-14,CUST10395,CARD20156,Lagos,Classic,POS,Retail,10286.9,Reversed,0,2026-06
TXN301263,2026-05-22,CUST10005,CARD20508,Port Harcourt,Gold,POS,Travel,3491.7,Successful,1,2026-05
TXN301264,2026-02-24,CUST10184,CARD20413,Kano,Gold,ATM,Entertainment,15474.79,Successful,1,2026-02
TXN301265,2026-06-25,CUST10020,CARD20528,Ibadan,Gold,POS,Groceries,21629.12,Successful,1,2026-06
TXN301266,2026-01-07,CUST10425,CARD20355,Lagos,Classic,ATM,Dining,27623.26,Successful,1,2026-01
TXN301267,2026-03-15,CUST10046,CARD20559,Lagos,Classic,Online,Entertainment,5709.25,Successful,1,2026-03
TXN301268,2026-01-07,CUST10012,CARD20187,Kano,Platinum,POS,Utilities,11487.83,Successful,1,2026-01
TXN301269,2026-06-10,CUST10070,CARD20031,Abuja,Gold,Online,Dining,5283.66,Successful,1,2026-06
TXN301270,2026-05-31,CUST10017,CARD20260,Port Harcourt,Gold,Online,Retail,3874.26,Successful,1,2026-05
TXN301271,2026-03-26,CUST10371,CARD20421,Kano,Gold,POS,Groceries,28754.9,Successful,1,2026-03
TXN301272,2026-05-27,CUST10147,CARD20529,Ibadan,Gold,POS,Fuel,12729.2,Successful,1,2026-05
TXN301273,2026-04-22,CUST10154,CARD20551,Abuja,Classic,Online,Entertainment,22792.76,Successful,1,2026-04
TXN301274,2026-05-05,CUST10304,CARD20304,Abuja,Gold,Online,Dining,3041.6,Successful,1,2026-05
TXN301275,2026-05-27,CUST10108,CARD20039,Lagos,Gold,POS,Utilities,10206.04,Successful,1,2026-05
TXN301276,2026-02-05,CUST10236,CARD20489,Port Harcourt,Platinum,POS,Entertainment,12168.91,Successful,1,2026-02
TXN301277,2026-01-29,CUST10308,CARD20542,Lagos,Gold,Online,Groceries,4164.11,Successful,1,2026-01
TXN301278,2026-03-23,CUST10352,CARD20278,Lagos,Classic,Online,Groceries,26642.71,Successful,1,2026-03
TXN301279,2026-01-02,CUST10070,CARD20203,Lagos,Classic,Online,Retail,6658.06,Successful,1,2026-01
TXN301280,2026-05-09,CUST10183,CARD20066,Lagos,Classic,ATM,Utilities,11648.22,Successful,1,2026-05
TXN301281,2026-02-16,CUST10250,CARD20108,Port Harcourt,Classic,POS,Groceries,5217.6,Successful,1,2026-02
TXN301282,2026-05-28,CUST10228,CARD20268,Abuja,Gold,POS,Groceries,3116.53,Successful,1,2026-05
TXN301283,2026-01-11,CUST10102,CARD20222,Abuja,Platinum,Online,Fuel,16822.09,Successful,1,2026-01
TXN301284,2026-05-10,CUST10075,CARD20530,Lagos,Classic,Online,Retail,10973.7,Successful,1,2026-05
TXN301285,2026-04-29,CUST10417,CARD20090,Kano,Classic,POS,Retail,9796.7,Successful,1,2026-04
TXN301286,2026-05-20,CUST10446,CARD20255,Lagos,Platinum,POS,Utilities,6486.41,Successful,1,2026-05
TXN301287,2026-01-20,CUST10216,CARD20455,Port Harcourt,Gold,Online,Groceries,10737.14,Successful,1,2026-01
TXN301288,2026-01-05,CUST10407,CARD20253,Kano,Classic,POS,Fuel,22314.45,Successful,1,2026-01
TXN301289,2026-02-06,CUST10399,CARD20257,Abuja,Gold,ATM,Travel,4688.9,Declined,0,2026-02
TXN301290,2026-06-15,CUST10411,CARD20383,Abuja,Classic,POS,Dining,12685.54,Successful,1,2026-06
TXN301291,2026-05-17,CUST10203,CARD20442,Kano,Classic,POS,Entertainment,9528.02,Successful,1,2026-05
TXN301292,2026-02-22,CUST10192,CARD20599,Lagos,Classic,POS,Retail,6991.63,Successful,1,2026-02
TXN301293,2026-06-21,CUST10249,CARD20090,Abuja,Classic,Online,Fuel,2172.33,Successful,1,2026-06
TXN301294,2026-04-09,CUST10242,CARD20390,Abuja,Classic,ATM,Utilities,8025.71,Successful,1,2026-04
TXN301295,2026-03-27,CUST10179,CARD20582,Lagos,Platinum,Online,Fuel,13879.26,Successful,1,2026-03
TXN301296,2026-04-18,CUST10437,CARD20044,Ibadan,Gold,ATM,Groceries,10500.5,Successful,1,2026-04
TXN301297,2026-01-24,CUST10219,CARD20598,Ibadan,Classic,POS,Dining,2563.33,Successful,1,2026-01
TXN301298,2026-03-22,CUST10082,CARD20019,Ibadan,Classic,POS,Retail,21974.64,Successful,1,2026-03
TXN301299,2026-06-07,CUST10092,CARD20101,Lagos,Classic,Online,Travel,30282.83,Successful,1,2026-06
TXN301300,2026-04-30,CUST10435,CARD20357,Lagos,Gold,Online,Groceries,7423.47,Successful,1,2026-04
TXN301301,2026-02-28,CUST10175,CARD20542,Abuja,Gold,Online,Retail,51475.49,Successful,1,2026-02
TXN301302,2026-05-08,CUST10239,CARD20033,Lagos,Classic,Online,Entertainment,4172.87,Successful,1,2026-05
TXN301303,2026-04-24,CUST10260,CARD20229,Port Harcourt,Classic,POS,Utilities,2928.72,Successful,1,2026-04
TXN301304,2026-04-25,CUST10391,CARD20524,Abuja,Gold,POS,Retail,3598.03,Successful,1,2026-04
TXN301305,2026-01-14,CUST10365,CARD20155,Port Harcourt,Gold,ATM,Fuel,9858.71,Successful,1,2026-01
TXN301306,2026-01-09,CUST10163,CARD20423,Abuja,Classic,POS,Entertainment,1953.39,Successful,1,2026-01
TXN301307,2026-02-09,CUST10048,CARD20246,Abuja,Gold,POS,Dining,6318.71,Successful,1,2026-02
TXN301308,2026-01-25,CUST10329,CARD20405,Lagos,Gold,Online,Travel,84765.19,Successful,1,2026-01
TXN301309,2026-04-13,CUST10328,CARD20541,Lagos,Classic,POS,Dining,2433.15,Successful,1,2026-04
TXN301310,2026-01-22,CUST10116,CARD20161,Abuja,Classic,Online,Fuel,5230.76,Successful,1,2026-01
TXN301311,2026-01-04,CUST10429,CARD20117,Port Harcourt,Classic,POS,Travel,3537.39,Successful,1,2026-01
TXN301312,2026-06-03,CUST10337,CARD20271,Port Harcourt,Platinum,Online,Travel,6452.01,Successful,1,2026-06
TXN301313,2026-01-29,CUST10337,CARD20487,Port Harcourt,Platinum,Online,Groceries,6133.21,Successful,1,2026-01
TXN301314,2026-04-19,CUST10369,CARD20172,Kano,Platinum,Online,Travel,4742.65,Successful,1,2026-04
TXN301315,2026-04-08,CUST10225,CARD20274,Lagos,Gold,POS,Retail,7150.63,Successful,1,2026-04
TXN301316,2026-02-06,CUST10352,CARD20259,Lagos,Gold,POS,Dining,13447.71,Declined,0,2026-02
TXN301317,2026-03-16,CUST10328,CARD20135,Lagos,Gold,POS,Utilities,24545.32,Successful,1,2026-03
TXN301318,2026-03-11,CUST10147,CARD20422,Port Harcourt,Platinum,POS,Utilities,6454.03,Successful,1,2026-03
TXN301319,2026-05-26,CUST10063,CARD20421,Abuja,Classic,Online,Dining,8140.67,Successful,1,2026-05
TXN301320,2026-05-08,CUST10294,CARD20186,Ibadan,Classic,POS,Groceries,11738.21,Successful,1,2026-05
TXN301321,2026-03-26,CUST10323,CARD20364,Abuja,Gold,POS,Travel,3015.07,Successful,1,2026-03
TXN301322,2026-02-11,CUST10443,CARD20378,Kano,Gold,POS,Fuel,7171.57,Successful,1,2026-02
TXN301323,2026-04-10,CUST10325,CARD20523,Kano,Classic,Online,Entertainment,5407.68,Successful,1,2026-04
TXN301324,2026-02-10,CUST10013,CARD20580,Lagos,Gold,POS,Entertainment,17353.45,Successful,1,2026-02
TXN301325,2026-06-15,CUST10431,CARD20196,Abuja,Gold,Online,Retail,32907.65,Successful,1,2026-06
TXN301326,2026-02-03,CUST10189,CARD20098,Abuja,Classic,Online,Groceries,4351.82,Successful,1,2026-02
TXN301327,2026-01-17,CUST10287,CARD20022,Lagos,Gold,Online,Entertainment,22561.32,Successful,1,2026-01
TXN301328,2026-06-14,CUST10208,CARD20450,Lagos,Classic,Online,Travel,2523.25,Successful,1,2026-06
TXN301329,2026-06-02,CUST10114,CARD20172,Port Harcourt,Platinum,POS,Utilities,9514.18,Successful,1,2026-06
TXN301330,2026-05-02,CUST10022,CARD20383,Lagos,Classic,Online,Fuel,9976.6,Successful,1,2026-05
TXN301331,2026-03-17,CUST10349,CARD20134,Abuja,Gold,Online,Travel,2472.21,Successful,1,2026-03
TXN301332,2026-03-28,CUST10214,CARD20426,Port Harcourt,Classic,ATM,Groceries,4176.62,Successful,1,2026-03
TXN301333,2026-04-27,CUST10171,CARD20025,Lagos,Classic,ATM,Fuel,3863.87,Successful,1,2026-04
TXN301334,2026-04-16,CUST10323,CARD20503,Abuja,Gold,POS,Entertainment,2838.07,Successful,1,2026-04
TXN301335,2026-03-27,CUST10054,CARD20185,Lagos,Classic,POS,Fuel,960.09,Successful,1,2026-03
TXN301336,2026-01-27,CUST10394,CARD20085,Port Harcourt,Classic,Online,Fuel,6865.06,Successful,1,2026-01
TXN301337,2026-02-26,CUST10298,CARD20567,Lagos,Classic,Online,Fuel,7559.66,Successful,1,2026-02
TXN301338,2026-01-31,CUST10320,CARD20144,Ibadan,Gold,POS,Entertainment,7512.32,Successful,1,2026-01
TXN301339,2026-05-14,CUST10126,CARD20412,Abuja,Gold,POS,Travel,14951.47,Successful,1,2026-05
TXN301340,2026-06-17,CUST10277,CARD20224,Lagos,Classic,POS,Fuel,1719.41,Successful,1,2026-06
TXN301341,2026-04-08,CUST10204,CARD20220,Abuja,Gold,Online,Travel,5973.93,Successful,1,2026-04
TXN301342,2026-01-12,CUST10194,CARD20179,Lagos,Gold,ATM,Fuel,62817.08,Successful,1,2026-01
TXN301343,2026-02-22,CUST10169,CARD20433,Abuja,Gold,Online,Fuel,16471.79,Successful,1,2026-02
TXN301344,2026-05-18,CUST10152,CARD20265,Abuja,Classic,POS,Groceries,16547.18,Successful,1,2026-05
TXN301345,2026-06-22,CUST10035,CARD20429,Abuja,Gold,POS,Travel,3592.93,Successful,1,2026-06
TXN301346,2026-05-25,CUST10184,CARD20416,Lagos,Classic,POS,Utilities,6927.66,Successful,1,2026-05
TXN301347,2026-06-03,CUST10286,CARD20453,Lagos,Classic,POS,Travel,1287.05,Successful,1,2026-06
TXN301348,2026-05-02,CUST10057,CARD20197,Port Harcourt,Classic,Online,Dining,12943.98,Successful,1,2026-05
TXN301349,2026-02-15,CUST10222,CARD20554,Abuja,Gold,POS,Entertainment,24840.71,Successful,1,2026-02
TXN301350,2026-03-05,CUST10303,CARD20053,Lagos,Classic,Online,Utilities,2540.62,Successful,1,2026-03
TXN301351,2026-05-10,CUST10163,CARD20480,Ibadan,Platinum,ATM,Groceries,3206.36,Successful,1,2026-05
TXN301352,2026-02-23,CUST10019,CARD20443,Lagos,Classic,ATM,Travel,7898.1,Successful,1,2026-02
TXN301353,2026-04-17,CUST10370,CARD20330,Ibadan,Classic,POS,Groceries,9160.31,Successful,1,2026-04
TXN301354,2026-02-20,CUST10264,CARD20251,Lagos,Classic,POS,Utilities,5253.34,Successful,1,2026-02
TXN301355,2026-06-30,CUST10282,CARD20123,Lagos,Classic,POS,Groceries,4220.48,Declined,0,2026-06
TXN301356,2026-02-05,CUST10113,CARD20387,Kano,Classic,Online,Groceries,4256.81,Successful,1,2026-02
TXN301357,2026-04-25,CUST10327,CARD20339,Lagos,Classic,ATM,Retail,7791.39,Reversed,0,2026-04
TXN301358,2026-01-26,CUST10030,CARD20348,Ibadan,Classic,POS,Travel,12950.76,Successful,1,2026-01
TXN301359,2026-01-29,CUST10135,CARD20029,Lagos,Classic,POS,Groceries,7789.7,Successful,1,2026-01
TXN301360,2026-05-29,CUST10067,CARD20035,Port Harcourt,Classic,ATM,Retail,7216.4,Successful,1,2026-05
TXN301361,2026-01-11,CUST10065,CARD20518,Ibadan,Classic,Online,Retail,1983.46,Declined,0,2026-01
TXN301362,2026-02-09,CUST10292,CARD20396,Lagos,Gold,ATM,Fuel,16214.27,Successful,1,2026-02
TXN301363,2026-01-11,CUST10025,CARD20294,Ibadan,Gold,POS,Fuel,7776.7,Successful,1,2026-01
TXN301364,2026-06-13,CUST10037,CARD20589,Abuja,Gold,POS,Entertainment,5714.14,Successful,1,2026-06
TXN301365,2026-04-23,CUST10001,CARD20349,Abuja,Classic,POS,Utilities,9937.9,Successful,1,2026-04
TXN301366,2026-02-08,CUST10399,CARD20147,Abuja,Gold,POS,Travel,4125.54,Successful,1,2026-02
TXN301367,2026-02-23,CUST10037,CARD20067,Ibadan,Platinum,Online,Fuel,5809.86,Successful,1,2026-02
TXN301368,2026-04-08,CUST10141,CARD20520,Lagos,Classic,POS,Utilities,8831.41,Successful,1,2026-04
TXN301369,2026-02-24,CUST10232,CARD20122,Lagos,Classic,POS,Travel,4708.65,Successful,1,2026-02
TXN301370,2026-04-21,CUST10136,CARD20340,Ibadan,Classic,ATM,Utilities,2172.12,Successful,1,2026-04
TXN301371,2026-06-01,CUST10389,CARD20175,Port Harcourt,Classic,POS,Entertainment,1906.88,Successful,1,2026-06
TXN301372,2026-05-30,CUST10188,CARD20597,Lagos,Classic,Online,Entertainment,11574.81,Successful,1,2026-05
TXN301373,2026-03-10,CUST10128,CARD20451,Abuja,Gold,POS,Retail,7903.91,Successful,1,2026-03
TXN301374,2026-02-25,CUST10201,CARD20557,Abuja,Classic,Online,Retail,7683.45,Successful,1,2026-02
TXN301375,2026-02-02,CUST10127,CARD20136,Lagos,Platinum,POS,Travel,3198.89,Successful,1,2026-02
TXN301376,2026-02-05,CUST10257,CARD20016,Lagos,Classic,Online,Utilities,7970.96,Successful,1,2026-02
TXN301377,2026-05-28,CUST10164,CARD20333,Port Harcourt,Classic,POS,Utilities,5881.91,Successful,1,2026-05
TXN301378,2026-03-22,CUST10035,CARD20195,Lagos,Platinum,POS,Fuel,5013.81,Successful,1,2026-03
TXN301379,2026-04-19,CUST10194,CARD20496,Ibadan,Gold,Online,Fuel,7630.89,Successful,1,2026-04
TXN301380,2026-06-03,CUST10191,CARD20009,Ibadan,Classic,POS,Travel,10271.67,Successful,1,2026-06
TXN301381,2026-03-14,CUST10104,CARD20334,Lagos,Gold,POS,Dining,32857.08,Successful,1,2026-03
TXN301382,2026-02-09,CUST10023,CARD20333,Lagos,Gold,Online,Fuel,12736.6,Successful,1,2026-02
TXN301383,2026-01-17,CUST10265,CARD20327,Lagos,Classic,ATM,Groceries,16091.56,Successful,1,2026-01
TXN301384,2026-05-09,CUST10290,CARD20015,Abuja,Classic,POS,Fuel,19608.61,Successful,1,2026-05
TXN301385,2026-03-02,CUST10430,CARD20226,Port Harcourt,Gold,POS,Dining,4397.46,Declined,0,2026-03
TXN301386,2026-06-20,CUST10384,CARD20425,Lagos,Classic,POS,Utilities,6268.5,Reversed,0,2026-06
TXN301387,2026-04-14,CUST10260,CARD20408,Abuja,Classic,POS,Retail,3928.73,Successful,1,2026-04
TXN301388,2026-02-11,CUST10414,CARD20113,Lagos,Classic,ATM,Retail,4696.36,Successful,1,2026-02
TXN301389,2026-01-25,CUST10358,CARD20428,Lagos,Classic,Online,Utilities,5752.59,Successful,1,2026-01
TXN301390,2026-02-08,CUST10075,CARD20001,Lagos,Platinum,POS,Retail,4607.66,Successful,1,2026-02
TXN301391,2026-02-04,CUST10355,CARD20266,Lagos,Classic,ATM,Fuel,9694.19,Successful,1,2026-02
TXN301392,2026-05-11,CUST10072,CARD20491,Lagos,Platinum,Online,Entertainment,11456.06,Successful,1,2026-05
TXN301393,2026-04-18,CUST10259,CARD20208,Lagos,Classic,Online,Retail,2850.03,Successful,1,2026-04
TXN301394,2026-06-21,CUST10398,CARD20369,Ibadan,Classic,POS,Entertainment,6312.8,Successful,1,2026-06
TXN301395,2026-06-28,CUST10188,CARD20306,Ibadan,Classic,POS,Dining,6368.34,Successful,1,2026-06
TXN301396,2026-04-12,CUST10173,CARD20012,Lagos,Gold,Online,Entertainment,2495.08,Successful,1,2026-04
TXN301397,2026-04-08,CUST10290,CARD20345,Lagos,Platinum,POS,Dining,4390.0,Successful,1,2026-04
TXN301398,2026-01-12,CUST10045,CARD20465,Lagos,Classic,POS,Fuel,16297.42,Successful,1,2026-01
TXN301399,2026-01-19,CUST10061,CARD20494,Lagos,Classic,POS,Utilities,16130.42,Successful,1,2026-01
TXN301400,2026-04-11,CUST10083,CARD20368,Abuja,Gold,POS,Groceries,2200.96,Successful,1,2026-04
TXN301401,2026-02-13,CUST10123,CARD20420,Abuja,Gold,Online,Fuel,11821.83,Successful,1,2026-02
TXN301402,2026-02-18,CUST10358,CARD20171,Lagos,Classic,Online,Retail,2499.31,Declined,0,2026-02
TXN301403,2026-01-17,CUST10016,CARD20134,Lagos,Gold,POS,Fuel,5877.07,Successful,1,2026-01
TXN301404,2026-03-15,CUST10066,CARD20427,Lagos,Gold,POS,Dining,7496.15,Successful,1,2026-03
TXN301405,2026-02-26,CUST10424,CARD20025,Lagos,Classic,Online,Fuel,14797.6,Successful,1,2026-02
TXN301406,2026-02-24,CUST10145,CARD20530,Port Harcourt,Classic,POS,Fuel,7046.81,Successful,1,2026-02
TXN301407,2026-02-16,CUST10375,CARD20190,Lagos,Classic,Online,Groceries,3600.8,Declined,0,2026-02
TXN301408,2026-01-12,CUST10162,CARD20141,Abuja,Gold,Online,Dining,3142.73,Successful,1,2026-01
TXN301409,2026-03-03,CUST10234,CARD20555,Abuja,Gold,POS,Travel,9268.63,Successful,1,2026-03
TXN301410,2026-03-21,CUST10380,CARD20315,Ibadan,Classic,Online,Travel,4880.29,Successful,1,2026-03
TXN301411,2026-03-24,CUST10144,CARD20444,Ibadan,Classic,Online,Dining,5843.27,Successful,1,2026-03
TXN301412,2026-01-08,CUST10358,CARD20319,Port Harcourt,Classic,POS,Travel,17612.63,Successful,1,2026-01
TXN301413,2026-05-29,CUST10188,CARD20441,Lagos,Gold,POS,Retail,11474.91,Declined,0,2026-05
TXN301414,2026-03-22,CUST10322,CARD20092,Abuja,Classic,ATM,Travel,28839.94,Successful,1,2026-03
TXN301415,2026-04-28,CUST10450,CARD20179,Ibadan,Classic,POS,Retail,3588.33,Successful,1,2026-04
TXN301416,2026-01-25,CUST10013,CARD20056,Lagos,Classic,Online,Dining,4594.65,Successful,1,2026-01
TXN301417,2026-03-30,CUST10184,CARD20155,Abuja,Classic,Online,Travel,9385.77,Declined,0,2026-03
TXN301418,2026-01-12,CUST10111,CARD20111,Ibadan,Classic,POS,Travel,34718.85,Successful,1,2026-01
TXN301419,2026-05-23,CUST10415,CARD20137,Abuja,Classic,POS,Utilities,4290.28,Successful,1,2026-05
TXN301420,2026-02-28,CUST10290,CARD20232,Lagos,Classic,Online,Entertainment,8355.94,Successful,1,2026-02
TXN301421,2026-06-03,CUST10295,CARD20468,Lagos,Gold,POS,Retail,23318.07,Successful,1,2026-06
TXN301422,2026-04-19,CUST10392,CARD20481,Lagos,Classic,Online,Retail,8433.24,Successful,1,2026-04
TXN301423,2026-01-26,CUST10215,CARD20068,Lagos,Classic,ATM,Fuel,18324.66,Declined,0,2026-01
TXN301424,2026-02-16,CUST10120,CARD20249,Port Harcourt,Gold,Online,Groceries,38792.86,Successful,1,2026-02
TXN301425,2026-02-01,CUST10382,CARD20323,Port Harcourt,Classic,POS,Travel,10260.93,Successful,1,2026-02
TXN301426,2026-01-10,CUST10055,CARD20518,Lagos,Gold,Online,Utilities,11693.45,Successful,1,2026-01
TXN301427,2026-01-16,CUST10027,CARD20432,Ibadan,Classic,Online,Groceries,14681.68,Successful,1,2026-01
TXN301428,2026-05-25,CUST10118,CARD20487,Abuja,Classic,ATM,Entertainment,3930.42,Successful,1,2026-05
TXN301429,2026-05-31,CUST10221,CARD20429,Lagos,Classic,POS,Entertainment,2476.86,Successful,1,2026-05
TXN301430,2026-01-26,CUST10231,CARD20269,Port Harcourt,Classic,Online,Utilities,9198.19,Successful,1,2026-01
TXN301431,2026-03-27,CUST10053,CARD20537,Ibadan,Gold,Online,Groceries,4914.26,Successful,1,2026-03
TXN301432,2026-05-15,CUST10295,CARD20148,Port Harcourt,Classic,POS,Travel,18811.18,Successful,1,2026-05
TXN301433,2026-01-14,CUST10321,CARD20118,Ibadan,Classic,ATM,Entertainment,10419.54,Successful,1,2026-01
TXN301434,2026-03-20,CUST10401,CARD20367,Port Harcourt,Classic,POS,Utilities,18557.87,Successful,1,2026-03
TXN301435,2026-04-27,CUST10233,CARD20066,Ibadan,Classic,POS,Retail,3098.52,Successful,1,2026-04
TXN301436,2026-01-07,CUST10158,CARD20370,Abuja,Classic,ATM,Fuel,18055.92,Declined,0,2026-01
TXN301437,2026-05-17,CUST10437,CARD20175,Port Harcourt,Classic,POS,Utilities,1288.19,Successful,1,2026-05
TXN301438,2026-04-25,CUST10269,CARD20588,Kano,Classic,ATM,Dining,3308.7,Successful,1,2026-04
TXN301439,2026-06-25,CUST10021,CARD20495,Port Harcourt,Gold,Online,Entertainment,13437.31,Successful,1,2026-06
TXN301440,2026-03-13,CUST10403,CARD20114,Lagos,Classic,POS,Entertainment,5420.54,Successful,1,2026-03
TXN301441,2026-02-28,CUST10053,CARD20111,Abuja,Gold,POS,Travel,5854.46,Successful,1,2026-02
TXN301442,2026-03-23,CUST10275,CARD20439,Abuja,Platinum,Online,Travel,8828.92,Successful,1,2026-03
TXN301443,2026-04-26,CUST10313,CARD20147,Lagos,Classic,Online,Dining,25274.82,Successful,1,2026-04
TXN301444,2026-06-16,CUST10281,CARD20035,Kano,Gold,ATM,Entertainment,1741.64,Declined,0,2026-06
TXN301445,2026-05-26,CUST10214,CARD20309,Lagos,Gold,Online,Groceries,22003.68,Declined,0,2026-05
TXN301446,2026-04-13,CUST10031,CARD20538,Lagos,Classic,POS,Fuel,23062.61,Successful,1,2026-04
TXN301447,2026-01-17,CUST10337,CARD20014,Kano,Platinum,POS,Groceries,5412.69,Successful,1,2026-01
TXN301448,2026-01-14,CUST10183,CARD20374,Abuja,Classic,ATM,Dining,4647.53,Successful,1,2026-01
TXN301449,2026-06-08,CUST10023,CARD20557,Lagos,Classic,Online,Dining,7373.32,Successful,1,2026-06
TXN301450,2026-06-01,CUST10032,CARD20428,Abuja,Gold,POS,Fuel,4569.06,Successful,1,2026-06
TXN301451,2026-04-18,CUST10446,CARD20233,Abuja,Classic,Online,Dining,10676.72,Successful,1,2026-04
TXN301452,2026-02-14,CUST10074,CARD20563,Lagos,Classic,Online,Dining,11849.13,Successful,1,2026-02
TXN301453,2026-04-08,CUST10010,CARD20440,Kano,Classic,Online,Entertainment,2337.58,Successful,1,2026-04
TXN301454,2026-05-11,CUST10054,CARD20502,Abuja,Gold,POS,Utilities,3880.48,Successful,1,2026-05
TXN301455,2026-02-06,CUST10052,CARD20275,Abuja,Gold,Online,Entertainment,3139.72,Successful,1,2026-02
TXN301456,2026-06-20,CUST10148,CARD20076,Abuja,Gold,Online,Fuel,9621.45,Successful,1,2026-06
TXN301457,2026-06-17,CUST10160,CARD20439,Abuja,Platinum,ATM,Travel,16282.82,Successful,1,2026-06
TXN301458,2026-04-18,CUST10370,CARD20289,Lagos,Classic,ATM,Groceries,3433.21,Successful,1,2026-04
TXN301459,2026-02-08,CUST10014,CARD20540,Lagos,Classic,Online,Travel,16191.16,Successful,1,2026-02
TXN301460,2026-01-15,CUST10178,CARD20253,Abuja,Gold,Online,Travel,3866.71,Successful,1,2026-01
TXN301461,2026-04-30,CUST10412,CARD20126,Ibadan,Gold,ATM,Utilities,14398.76,Successful,1,2026-04
TXN301462,2026-01-04,CUST10366,CARD20177,Lagos,Classic,POS,Groceries,6457.61,Successful,1,2026-01
TXN301463,2026-04-03,CUST10053,CARD20037,Abuja,Classic,POS,Travel,5690.99,Successful,1,2026-04
TXN301464,2026-06-02,CUST10408,CARD20410,Ibadan,Gold,Online,Fuel,20210.56,Successful,1,2026-06
TXN301465,2026-05-21,CUST10335,CARD20127,Lagos,Platinum,POS,Groceries,33865.52,Successful,1,2026-05
TXN301466,2026-06-10,CUST10022,CARD20483,Lagos,Gold,POS,Retail,1714.03,Successful,1,2026-06
TXN301467,2026-01-16,CUST10030,CARD20168,Lagos,Classic,POS,Utilities,13089.28,Successful,1,2026-01
TXN301468,2026-06-19,CUST10191,CARD20592,Abuja,Platinum,POS,Travel,9338.19,Successful,1,2026-06
TXN301469,2026-04-18,CUST10260,CARD20294,Lagos,Platinum,POS,Dining,13715.83,Successful,1,2026-04
TXN301470,2026-05-06,CUST10205,CARD20343,Abuja,Classic,POS,Groceries,2563.65,Successful,1,2026-05
TXN301471,2026-02-24,CUST10059,CARD20310,Abuja,Gold,ATM,Retail,3403.45,Successful,1,2026-02
TXN301472,2026-06-19,CUST10264,CARD20528,Abuja,Gold,Online,Dining,4735.56,Successful,1,2026-06
TXN301473,2026-02-03,CUST10012,CARD20540,Lagos,Platinum,Online,Retail,9608.97,Successful,1,2026-02
TXN301474,2026-06-07,CUST10119,CARD20419,Lagos,Gold,POS,Travel,4509.21,Successful,1,2026-06
TXN301475,2026-01-13,CUST10415,CARD20444,Port Harcourt,Gold,Online,Dining,6257.79,Successful,1,2026-01
TXN301476,2026-05-21,CUST10290,CARD20558,Kano,Gold,Online,Travel,15747.27,Successful,1,2026-05
TXN301477,2026-01-18,CUST10338,CARD20236,Ibadan,Classic,Online,Dining,41733.14,Successful,1,2026-01
TXN301478,2026-06-09,CUST10248,CARD20439,Abuja,Gold,POS,Groceries,14873.85,Successful,1,2026-06
TXN301479,2026-04-06,CUST10354,CARD20214,Lagos,Gold,POS,Entertainment,16115.17,Successful,1,2026-04
TXN301480,2026-05-03,CUST10127,CARD20085,Lagos,Platinum,Online,Fuel,7005.98,Successful,1,2026-05
TXN301481,2026-02-08,CUST10075,CARD20085,Lagos,Classic,Online,Entertainment,3973.96,Successful,1,2026-02
TXN301482,2026-02-15,CUST10361,CARD20489,Lagos,Gold,Online,Fuel,6243.11,Successful,1,2026-02
TXN301483,2026-01-29,CUST10204,CARD20065,Port Harcourt,Classic,Online,Entertainment,7736.3,Successful,1,2026-01
TXN301484,2026-03-03,CUST10049,CARD20064,Lagos,Gold,POS,Retail,3203.15,Successful,1,2026-03
TXN301485,2026-01-16,CUST10079,CARD20343,Lagos,Gold,Online,Utilities,15554.36,Successful,1,2026-01
TXN301486,2026-05-01,CUST10441,CARD20352,Kano,Classic,POS,Dining,27325.09,Successful,1,2026-05
TXN301487,2026-01-10,CUST10241,CARD20158,Lagos,Classic,Online,Travel,8936.84,Successful,1,2026-01
TXN301488,2026-06-07,CUST10349,CARD20589,Lagos,Classic,ATM,Utilities,19288.4,Successful,1,2026-06
TXN301489,2026-06-02,CUST10154,CARD20491,Lagos,Classic,Online,Groceries,21306.04,Successful,1,2026-06
TXN301490,2026-04-13,CUST10274,CARD20463,Abuja,Gold,POS,Groceries,3541.41,Declined,0,2026-04
TXN301491,2026-03-25,CUST10096,CARD20225,Port Harcourt,Classic,POS,Groceries,2017.78,Successful,1,2026-03
TXN301492,2026-05-13,CUST10214,CARD20313,Lagos,Classic,Online,Fuel,5435.94,Declined,0,2026-05
TXN301493,2026-03-06,CUST10294,CARD20466,Abuja,Classic,ATM,Travel,8749.1,Successful,1,2026-03
TXN301494,2026-06-26,CUST10209,CARD20088,Ibadan,Classic,Online,Groceries,3112.23,Successful,1,2026-06
TXN301495,2026-01-03,CUST10343,CARD20303,Ibadan,Gold,Online,Groceries,25280.25,Successful,1,2026-01
TXN301496,2026-06-22,CUST10088,CARD20435,Kano,Classic,POS,Entertainment,38524.18,Successful,1,2026-06
TXN301497,2026-05-22,CUST10306,CARD20135,Ibadan,Platinum,Online,Retail,9352.11,Successful,1,2026-05
TXN301498,2026-04-30,CUST10264,CARD20050,Abuja,Classic,Online,Dining,3694.36,Successful,1,2026-04
TXN301499,2026-06-07,CUST10425,CARD20432,Lagos,Classic,ATM,Dining,11956.57,Successful,1,2026-06
TXN301500,2026-03-09,CUST10390,CARD20340,Lagos,Classic,POS,Dining,3685.08,Successful,1,2026-03
TXN301501,2026-05-26,CUST10325,CARD20347,Lagos,Gold,Online,Utilities,20220.96,Successful,1,2026-05
TXN301502,2026-02-06,CUST10428,CARD20347,Port Harcourt,Gold,POS,Entertainment,6733.53,Successful,1,2026-02
TXN301503,2026-06-02,CUST10377,CARD20245,Ibadan,Platinum,Online,Entertainment,14498.53,Successful,1,2026-06
TXN301504,2026-06-25,CUST10320,CARD20109,Abuja,Gold,Online,Retail,16672.53,Successful,1,2026-06
TXN301505,2026-06-30,CUST10157,CARD20533,Lagos,Classic,POS,Fuel,12461.09,Successful,1,2026-06
TXN301506,2026-03-14,CUST10156,CARD20090,Abuja,Gold,POS,Utilities,33800.29,Successful,1,2026-03
TXN301507,2026-05-23,CUST10139,CARD20296,Kano,Platinum,Online,Retail,9345.2,Successful,1,2026-05
TXN301508,2026-02-18,CUST10121,CARD20112,Abuja,Classic,Online,Groceries,5417.79,Successful,1,2026-02
TXN301509,2026-05-01,CUST10065,CARD20589,Ibadan,Classic,POS,Travel,1507.56,Successful,1,2026-05
TXN301510,2026-03-29,CUST10107,CARD20177,Ibadan,Gold,POS,Utilities,1303.53,Successful,1,2026-03
TXN301511,2026-05-20,CUST10147,CARD20343,Kano,Classic,Online,Utilities,13651.85,Successful,1,2026-05
TXN301512,2026-02-06,CUST10137,CARD20101,Port Harcourt,Platinum,ATM,Groceries,6994.82,Successful,1,2026-02
TXN301513,2026-03-02,CUST10411,CARD20401,Port Harcourt,Classic,POS,Groceries,4220.39,Successful,1,2026-03
TXN301514,2026-06-20,CUST10162,CARD20028,Lagos,Classic,Online,Travel,3323.84,Successful,1,2026-06
TXN301515,2026-05-04,CUST10428,CARD20537,Lagos,Platinum,POS,Dining,14658.32,Successful,1,2026-05
TXN301516,2026-02-08,CUST10100,CARD20058,Abuja,Gold,POS,Utilities,3689.23,Successful,1,2026-02
TXN301517,2026-03-04,CUST10338,CARD20498,Lagos,Classic,POS,Retail,29867.58,Successful,1,2026-03
TXN301518,2026-02-15,CUST10399,CARD20297,Kano,Platinum,Online,Fuel,53145.53,Successful,1,2026-02
TXN301519,2026-03-29,CUST10307,CARD20134,Lagos,Classic,POS,Groceries,3944.08,Successful,1,2026-03
TXN301520,2026-01-11,CUST10141,CARD20331,Ibadan,Classic,Online,Groceries,13847.5,Successful,1,2026-01
TXN301521,2026-03-03,CUST10083,CARD20249,Lagos,Platinum,POS,Fuel,11522.04,Successful,1,2026-03
TXN301522,2026-03-18,CUST10177,CARD20550,Lagos,Classic,ATM,Retail,3677.1,Successful,1,2026-03
TXN301523,2026-06-02,CUST10198,CARD20075,Kano,Classic,Online,Groceries,3693.79,Successful,1,2026-06
TXN301524,2026-02-21,CUST10112,CARD20168,Lagos,Classic,Online,Fuel,7346.12,Successful,1,2026-02
TXN301525,2026-01-04,CUST10056,CARD20503,Lagos,Gold,Online,Entertainment,3259.37,Successful,1,2026-01
TXN301526,2026-02-28,CUST10179,CARD20355,Lagos,Classic,Online,Groceries,19399.56,Successful,1,2026-02
TXN301527,2026-03-13,CUST10421,CARD20225,Port Harcourt,Gold,Online,Dining,6654.92,Successful,1,2026-03
TXN301528,2026-05-28,CUST10401,CARD20531,Lagos,Gold,POS,Dining,3306.01,Successful,1,2026-05
TXN301529,2026-04-03,CUST10186,CARD20146,Abuja,Classic,POS,Groceries,7546.27,Successful,1,2026-04
TXN301530,2026-03-04,CUST10218,CARD20241,Abuja,Gold,Online,Entertainment,11767.99,Declined,0,2026-03
TXN301531,2026-02-23,CUST10413,CARD20344,Port Harcourt,Platinum,POS,Groceries,4538.91,Successful,1,2026-02
TXN301532,2026-04-27,CUST10417,CARD20035,Port Harcourt,Classic,POS,Dining,1645.05,Successful,1,2026-04
TXN301533,2026-04-20,CUST10316,CARD20001,Abuja,Classic,Online,Entertainment,8965.1,Successful,1,2026-04
TXN301534,2026-03-15,CUST10217,CARD20153,Lagos,Classic,POS,Groceries,3060.7,Declined,0,2026-03
TXN301535,2026-04-17,CUST10120,CARD20429,Ibadan,Gold,Online,Entertainment,4294.12,Successful,1,2026-04
TXN301536,2026-02-26,CUST10439,CARD20508,Lagos,Platinum,POS,Retail,11793.27,Successful,1,2026-02
TXN301537,2026-06-18,CUST10394,CARD20126,Abuja,Classic,ATM,Retail,5062.83,Successful,1,2026-06
TXN301538,2026-01-03,CUST10175,CARD20491,Lagos,Classic,ATM,Travel,7238.08,Successful,1,2026-01
TXN301539,2026-04-30,CUST10023,CARD20482,Ibadan,Classic,ATM,Retail,25911.47,Successful,1,2026-04
TXN301540,2026-01-06,CUST10213,CARD20345,Abuja,Gold,POS,Utilities,6114.21,Successful,1,2026-01
TXN301541,2026-01-05,CUST10405,CARD20221,Lagos,Classic,Online,Entertainment,40825.12,Successful,1,2026-01
TXN301542,2026-01-05,CUST10235,CARD20025,Port Harcourt,Gold,ATM,Utilities,14646.13,Successful,1,2026-01
TXN301543,2026-02-23,CUST10013,CARD20528,Abuja,Classic,ATM,Utilities,3846.43,Successful,1,2026-02
TXN301544,2026-02-16,CUST10101,CARD20182,Lagos,Gold,Online,Groceries,5535.39,Successful,1,2026-02
TXN301545,2026-06-26,CUST10417,CARD20499,Abuja,Classic,POS,Groceries,2950.96,Successful,1,2026-06
TXN301546,2026-01-09,CUST10024,CARD20042,Port Harcourt,Gold,Online,Fuel,13493.52,Successful,1,2026-01
TXN301547,2026-04-09,CUST10364,CARD20481,Kano,Classic,Online,Entertainment,23379.43,Successful,1,2026-04
TXN301548,2026-01-20,CUST10011,CARD20439,Port Harcourt,Gold,POS,Utilities,6083.19,Successful,1,2026-01
TXN301549,2026-05-02,CUST10273,CARD20402,Lagos,Classic,Online,Utilities,1827.83,Successful,1,2026-05
TXN301550,2026-03-02,CUST10431,CARD20546,Lagos,Classic,Online,Retail,10811.61,Successful,1,2026-03
TXN301551,2026-05-03,CUST10281,CARD20345,Ibadan,Classic,Online,Dining,4065.99,Successful,1,2026-05
TXN301552,2026-06-12,CUST10094,CARD20045,Ibadan,Gold,POS,Entertainment,4589.22,Successful,1,2026-06
TXN301553,2026-06-27,CUST10201,CARD20021,Lagos,Classic,Online,Dining,10396.47,Successful,1,2026-06
TXN301554,2026-03-23,CUST10021,CARD20070,Lagos,Classic,ATM,Entertainment,21711.28,Successful,1,2026-03
TXN301555,2026-03-03,CUST10340,CARD20048,Port Harcourt,Gold,Online,Entertainment,14641.3,Successful,1,2026-03
TXN301556,2026-05-25,CUST10211,CARD20491,Lagos,Gold,Online,Travel,11425.48,Successful,1,2026-05
TXN301557,2026-01-03,CUST10140,CARD20551,Lagos,Classic,Online,Fuel,7145.22,Successful,1,2026-01
TXN301558,2026-06-09,CUST10293,CARD20287,Lagos,Gold,Online,Dining,2817.63,Successful,1,2026-06
TXN301559,2026-01-13,CUST10298,CARD20010,Lagos,Classic,Online,Travel,10703.8,Successful,1,2026-01
TXN301560,2026-04-30,CUST10401,CARD20542,Abuja,Gold,POS,Retail,14388.49,Successful,1,2026-04
TXN301561,2026-05-05,CUST10101,CARD20274,Port Harcourt,Platinum,POS,Fuel,5033.82,Successful,1,2026-05
TXN301562,2026-03-30,CUST10304,CARD20600,Lagos,Classic,POS,Fuel,6044.53,Successful,1,2026-03
TXN301563,2026-03-14,CUST10359,CARD20381,Lagos,Gold,POS,Utilities,19693.45,Successful,1,2026-03
TXN301564,2026-03-09,CUST10028,CARD20329,Lagos,Classic,POS,Entertainment,5919.57,Successful,1,2026-03
TXN301565,2026-05-22,CUST10041,CARD20479,Abuja,Gold,POS,Entertainment,6526.01,Successful,1,2026-05
TXN301566,2026-04-11,CUST10355,CARD20015,Lagos,Gold,ATM,Groceries,7549.83,Successful,1,2026-04
TXN301567,2026-04-08,CUST10303,CARD20516,Abuja,Platinum,POS,Entertainment,13800.31,Successful,1,2026-04
TXN301568,2026-01-11,CUST10146,CARD20191,Port Harcourt,Classic,POS,Entertainment,10246.23,Successful,1,2026-01
TXN301569,2026-04-15,CUST10256,CARD20168,Lagos,Classic,POS,Entertainment,9656.73,Successful,1,2026-04
TXN301570,2026-03-08,CUST10227,CARD20521,Lagos,Classic,Online,Utilities,27290.54,Successful,1,2026-03
TXN301571,2026-05-03,CUST10236,CARD20137,Lagos,Platinum,POS,Retail,5839.41,Successful,1,2026-05
TXN301572,2026-01-29,CUST10361,CARD20154,Abuja,Gold,POS,Entertainment,3787.92,Successful,1,2026-01
TXN301573,2026-05-17,CUST10380,CARD20388,Ibadan,Gold,POS,Utilities,18355.39,Successful,1,2026-05
TXN301574,2026-06-02,CUST10013,CARD20209,Lagos,Classic,Online,Fuel,9747.3,Successful,1,2026-06
TXN301575,2026-03-17,CUST10210,CARD20272,Kano,Platinum,ATM,Utilities,5057.38,Successful,1,2026-03
TXN301576,2026-06-19,CUST10229,CARD20143,Lagos,Gold,ATM,Entertainment,6076.04,Successful,1,2026-06
TXN301577,2026-01-09,CUST10397,CARD20069,Ibadan,Gold,POS,Travel,2924.43,Declined,0,2026-01
TXN301578,2026-02-09,CUST10100,CARD20247,Abuja,Classic,Online,Utilities,9753.14,Successful,1,2026-02
TXN301579,2026-01-25,CUST10031,CARD20261,Port Harcourt,Classic,Online,Dining,2517.1,Successful,1,2026-01
TXN301580,2026-01-05,CUST10386,CARD20079,Abuja,Gold,POS,Retail,13983.35,Successful,1,2026-01
TXN301581,2026-05-19,CUST10016,CARD20525,Abuja,Gold,POS,Retail,5335.19,Successful,1,2026-05
TXN301582,2026-05-04,CUST10137,CARD20330,Ibadan,Classic,POS,Fuel,2656.53,Successful,1,2026-05
TXN301583,2026-02-07,CUST10329,CARD20189,Port Harcourt,Gold,Online,Utilities,19492.77,Successful,1,2026-02
TXN301584,2026-03-13,CUST10166,CARD20095,Abuja,Classic,POS,Fuel,49272.21,Successful,1,2026-03
TXN301585,2026-05-13,CUST10310,CARD20008,Lagos,Gold,POS,Fuel,11497.17,Successful,1,2026-05
TXN301586,2026-06-25,CUST10440,CARD20067,Lagos,Classic,Online,Travel,6448.89,Successful,1,2026-06
TXN301587,2026-03-31,CUST10100,CARD20496,Ibadan,Classic,Online,Groceries,3759.14,Successful,1,2026-03
TXN301588,2026-05-26,CUST10109,CARD20191,Abuja,Classic,Online,Fuel,9991.28,Successful,1,2026-05
TXN301589,2026-02-06,CUST10343,CARD20366,Abuja,Classic,Online,Groceries,13485.71,Successful,1,2026-02
TXN301590,2026-03-01,CUST10173,CARD20521,Port Harcourt,Classic,Online,Groceries,8147.89,Successful,1,2026-03
TXN301591,2026-06-25,CUST10237,CARD20117,Ibadan,Gold,Online,Retail,16586.6,Successful,1,2026-06
TXN301592,2026-01-28,CUST10162,CARD20267,Port Harcourt,Classic,POS,Dining,27203.79,Successful,1,2026-01
TXN301593,2026-03-22,CUST10393,CARD20485,Port Harcourt,Classic,POS,Dining,2957.94,Successful,1,2026-03
TXN301594,2026-04-24,CUST10216,CARD20509,Port Harcourt,Classic,ATM,Utilities,10252.12,Successful,1,2026-04
TXN301595,2026-02-09,CUST10264,CARD20298,Lagos,Classic,ATM,Travel,1767.52,Successful,1,2026-02
TXN301596,2026-02-14,CUST10263,CARD20164,Lagos,Classic,Online,Travel,4224.94,Successful,1,2026-02
TXN301597,2026-03-03,CUST10292,CARD20376,Ibadan,Classic,POS,Dining,14413.08,Successful,1,2026-03
TXN301598,2026-04-03,CUST10274,CARD20268,Lagos,Gold,POS,Utilities,7805.28,Successful,1,2026-04
TXN301599,2026-04-25,CUST10003,CARD20549,Kano,Classic,POS,Entertainment,2233.4,Successful,1,2026-04
TXN301600,2026-03-08,CUST10028,CARD20074,Lagos,Gold,Online,Dining,18768.38,Successful,1,2026-03
TXN301601,2026-02-25,CUST10326,CARD20508,Lagos,Classic,Online,Utilities,5247.01,Successful,1,2026-02
TXN301602,2026-02-09,CUST10428,CARD20073,Kano,Classic,ATM,Utilities,16005.85,Successful,1,2026-02
TXN301603,2026-04-08,CUST10149,CARD20308,Port Harcourt,Classic,Online,Utilities,12211.65,Successful,1,2026-04
TXN301604,2026-02-09,CUST10028,CARD20199,Lagos,Platinum,POS,Utilities,4160.95,Successful,1,2026-02
TXN301605,2026-04-01,CUST10310,CARD20130,Port Harcourt,Gold,POS,Retail,16238.25,Successful,1,2026-04
TXN301606,2026-02-02,CUST10438,CARD20572,Port Harcourt,Gold,POS,Retail,10455.6,Successful,1,2026-02
TXN301607,2026-01-06,CUST10065,CARD20487,Abuja,Classic,Online,Dining,9321.12,Successful,1,2026-01
TXN301608,2026-05-27,CUST10356,CARD20151,Lagos,Gold,POS,Utilities,5571.83,Successful,1,2026-05
TXN301609,2026-03-21,CUST10021,CARD20206,Ibadan,Classic,Online,Fuel,3353.7,Successful,1,2026-03
TXN301610,2026-06-17,CUST10252,CARD20179,Ibadan,Classic,Online,Utilities,5796.77,Successful,1,2026-06
TXN301611,2026-04-02,CUST10235,CARD20197,Lagos,Gold,POS,Fuel,5696.69,Declined,0,2026-04
TXN301612,2026-04-07,CUST10227,CARD20089,Ibadan,Classic,POS,Retail,16015.23,Successful,1,2026-04
TXN301613,2026-02-28,CUST10013,CARD20434,Ibadan,Platinum,POS,Utilities,2166.38,Successful,1,2026-02
TXN301614,2026-02-28,CUST10313,CARD20183,Abuja,Classic,Online,Groceries,26280.22,Successful,1,2026-02
TXN301615,2026-02-17,CUST10049,CARD20209,Port Harcourt,Platinum,POS,Dining,27459.74,Successful,1,2026-02
TXN301616,2026-06-18,CUST10118,CARD20493,Lagos,Gold,POS,Utilities,4852.25,Declined,0,2026-06
TXN301617,2026-01-13,CUST10054,CARD20130,Lagos,Gold,Online,Travel,24866.06,Successful,1,2026-01
TXN301618,2026-04-17,CUST10138,CARD20013,Port Harcourt,Classic,Online,Fuel,3624.73,Successful,1,2026-04
TXN301619,2026-02-14,CUST10053,CARD20106,Ibadan,Classic,Online,Entertainment,19964.29,Successful,1,2026-02
TXN301620,2026-03-30,CUST10044,CARD20375,Port Harcourt,Platinum,Online,Entertainment,4206.02,Successful,1,2026-03
TXN301621,2026-06-30,CUST10303,CARD20582,Abuja,Classic,Online,Utilities,18522.65,Successful,1,2026-06
TXN301622,2026-06-19,CUST10053,CARD20099,Lagos,Gold,Online,Groceries,2565.95,Successful,1,2026-06
TXN301623,2026-04-10,CUST10074,CARD20594,Lagos,Platinum,POS,Fuel,19269.56,Successful,1,2026-04
TXN301624,2026-06-04,CUST10046,CARD20587,Abuja,Classic,POS,Groceries,22716.9,Successful,1,2026-06
TXN301625,2026-06-15,CUST10013,CARD20192,Lagos,Gold,Online,Entertainment,2500.74,Successful,1,2026-06
TXN301626,2026-01-07,CUST10165,CARD20325,Abuja,Gold,Online,Dining,33051.01,Successful,1,2026-01
TXN301627,2026-05-13,CUST10102,CARD20467,Lagos,Classic,Online,Entertainment,18302.58,Successful,1,2026-05
TXN301628,2026-02-14,CUST10280,CARD20367,Port Harcourt,Classic,ATM,Dining,1638.61,Successful,1,2026-02
TXN301629,2026-02-27,CUST10258,CARD20318,Lagos,Classic,ATM,Dining,5475.46,Successful,1,2026-02
TXN301630,2026-01-31,CUST10337,CARD20144,Abuja,Classic,POS,Retail,18584.47,Successful,1,2026-01
TXN301631,2026-01-23,CUST10356,CARD20384,Abuja,Gold,POS,Entertainment,14450.57,Successful,1,2026-01
TXN301632,2026-06-19,CUST10398,CARD20216,Lagos,Classic,POS,Entertainment,8861.13,Successful,1,2026-06
TXN301633,2026-05-18,CUST10138,CARD20361,Lagos,Platinum,Online,Groceries,17023.87,Successful,1,2026-05
TXN301634,2026-06-09,CUST10163,CARD20324,Lagos,Classic,POS,Utilities,4027.0,Successful,1,2026-06
TXN301635,2026-04-17,CUST10409,CARD20015,Ibadan,Gold,POS,Travel,8416.0,Successful,1,2026-04
TXN301636,2026-06-30,CUST10387,CARD20217,Lagos,Gold,POS,Travel,4119.7,Successful,1,2026-06
TXN301637,2026-06-07,CUST10111,CARD20492,Port Harcourt,Classic,POS,Dining,9025.85,Successful,1,2026-06
TXN301638,2026-02-08,CUST10102,CARD20547,Kano,Classic,POS,Travel,18048.62,Successful,1,2026-02
TXN301639,2026-06-08,CUST10017,CARD20183,Ibadan,Gold,POS,Fuel,15142.31,Declined,0,2026-06
TXN301640,2026-03-23,CUST10268,CARD20270,Lagos,Platinum,Online,Groceries,9684.79,Successful,1,2026-03
TXN301641,2026-04-10,CUST10182,CARD20467,Kano,Classic,POS,Groceries,17885.67,Reversed,0,2026-04
TXN301642,2026-01-02,CUST10372,CARD20519,Lagos,Classic,POS,Groceries,19351.83,Successful,1,2026-01
TXN301643,2026-03-18,CUST10024,CARD20542,Abuja,Classic,Online,Fuel,34127.48,Successful,1,2026-03
TXN301644,2026-01-12,CUST10029,CARD20467,Ibadan,Classic,Online,Utilities,20619.13,Successful,1,2026-01
TXN301645,2026-02-08,CUST10171,CARD20305,Port Harcourt,Gold,POS,Retail,13699.83,Successful,1,2026-02
TXN301646,2026-01-13,CUST10409,CARD20144,Lagos,Gold,POS,Fuel,17107.51,Successful,1,2026-01
TXN301647,2026-02-15,CUST10228,CARD20111,Lagos,Classic,Online,Groceries,9846.27,Successful,1,2026-02
TXN301648,2026-06-04,CUST10378,CARD20232,Lagos,Platinum,POS,Groceries,6477.18,Declined,0,2026-06
TXN301649,2026-04-23,CUST10188,CARD20584,Abuja,Classic,POS,Entertainment,16221.41,Successful,1,2026-04
TXN301650,2026-01-17,CUST10346,CARD20592,Lagos,Gold,POS,Groceries,14849.17,Successful,1,2026-01
TXN301651,2026-04-14,CUST10230,CARD20500,Kano,Classic,POS,Utilities,10234.96,Successful,1,2026-04
TXN301652,2026-04-08,CUST10321,CARD20595,Kano,Classic,Online,Travel,6934.92,Successful,1,2026-04
TXN301653,2026-03-29,CUST10340,CARD20554,Ibadan,Classic,ATM,Retail,6633.96,Successful,1,2026-03
TXN301654,2026-04-19,CUST10119,CARD20273,Abuja,Classic,Online,Fuel,5843.19,Successful,1,2026-04
TXN301655,2026-06-12,CUST10156,CARD20173,Port Harcourt,Gold,Online,Groceries,22127.27,Successful,1,2026-06
TXN301656,2026-03-11,CUST10272,CARD20007,Kano,Gold,POS,Entertainment,20800.69,Successful,1,2026-03
TXN301657,2026-06-07,CUST10175,CARD20155,Ibadan,Classic,Online,Entertainment,20098.52,Successful,1,2026-06
TXN301658,2026-03-15,CUST10104,CARD20522,Lagos,Gold,POS,Dining,3492.99,Successful,1,2026-03
TXN301659,2026-03-04,CUST10092,CARD20546,Lagos,Classic,POS,Retail,6078.83,Declined,0,2026-03
TXN301660,2026-06-05,CUST10186,CARD20548,Lagos,Gold,Online,Entertainment,6595.13,Successful,1,2026-06
TXN301661,2026-03-01,CUST10283,CARD20518,Abuja,Classic,Online,Dining,4989.47,Successful,1,2026-03
TXN301662,2026-03-20,CUST10181,CARD20215,Port Harcourt,Classic,POS,Retail,35956.89,Successful,1,2026-03
TXN301663,2026-02-06,CUST10170,CARD20134,Ibadan,Classic,Online,Groceries,11163.13,Successful,1,2026-02
TXN301664,2026-01-22,CUST10187,CARD20285,Lagos,Gold,POS,Retail,10539.52,Declined,0,2026-01
TXN301665,2026-05-28,CUST10175,CARD20126,Lagos,Gold,POS,Retail,5581.78,Successful,1,2026-05
TXN301666,2026-04-06,CUST10222,CARD20439,Lagos,Classic,POS,Groceries,16149.97,Successful,1,2026-04
TXN301667,2026-03-09,CUST10233,CARD20152,Lagos,Classic,Online,Utilities,46780.86,Successful,1,2026-03
TXN301668,2026-01-17,CUST10162,CARD20331,Lagos,Classic,Online,Entertainment,8645.21,Successful,1,2026-01
TXN301669,2026-01-12,CUST10421,CARD20538,Port Harcourt,Gold,Online,Dining,6722.32,Successful,1,2026-01
TXN301670,2026-05-30,CUST10134,CARD20383,Abuja,Gold,POS,Utilities,7536.64,Successful,1,2026-05
TXN301671,2026-05-25,CUST10391,CARD20115,Port Harcourt,Classic,POS,Dining,6262.65,Successful,1,2026-05
TXN301672,2026-05-18,CUST10224,CARD20482,Lagos,Classic,Online,Travel,8084.53,Successful,1,2026-05
TXN301673,2026-04-28,CUST10153,CARD20284,Lagos,Gold,POS,Entertainment,4968.24,Successful,1,2026-04
TXN301674,2026-01-22,CUST10033,CARD20075,Abuja,Classic,POS,Dining,3986.87,Successful,1,2026-01
TXN301675,2026-04-30,CUST10055,CARD20166,Ibadan,Classic,ATM,Dining,7966.57,Successful,1,2026-04
TXN301676,2026-02-19,CUST10442,CARD20189,Lagos,Classic,Online,Retail,8646.23,Successful,1,2026-02
TXN301677,2026-01-14,CUST10007,CARD20078,Ibadan,Classic,POS,Travel,6512.69,Successful,1,2026-01
TXN301678,2026-06-24,CUST10244,CARD20021,Lagos,Classic,POS,Groceries,25993.0,Successful,1,2026-06
TXN301679,2026-01-29,CUST10313,CARD20566,Ibadan,Gold,POS,Groceries,11298.13,Successful,1,2026-01
TXN301680,2026-06-13,CUST10126,CARD20184,Ibadan,Classic,Online,Fuel,14675.97,Successful,1,2026-06
TXN301681,2026-06-29,CUST10012,CARD20222,Lagos,Gold,Online,Travel,14991.19,Successful,1,2026-06
TXN301682,2026-05-05,CUST10016,CARD20328,Port Harcourt,Classic,Online,Retail,8810.65,Successful,1,2026-05
TXN301683,2026-01-07,CUST10208,CARD20179,Lagos,Gold,POS,Fuel,9652.01,Successful,1,2026-01
TXN301684,2026-01-29,CUST10043,CARD20112,Ibadan,Gold,POS,Fuel,4071.9,Successful,1,2026-01
TXN301685,2026-05-19,CUST10373,CARD20059,Lagos,Gold,ATM,Groceries,13695.0,Successful,1,2026-05
TXN301686,2026-02-02,CUST10135,CARD20327,Abuja,Classic,ATM,Dining,6206.47,Reversed,0,2026-02
TXN301687,2026-05-14,CUST10228,CARD20191,Port Harcourt,Classic,Online,Retail,4857.11,Successful,1,2026-05
TXN301688,2026-04-21,CUST10111,CARD20200,Ibadan,Classic,POS,Travel,22961.47,Successful,1,2026-04
TXN301689,2026-03-20,CUST10307,CARD20312,Lagos,Gold,Online,Fuel,2791.14,Successful,1,2026-03
TXN301690,2026-06-09,CUST10160,CARD20035,Port Harcourt,Classic,ATM,Retail,32056.67,Successful,1,2026-06
TXN301691,2026-06-28,CUST10331,CARD20379,Lagos,Platinum,Online,Groceries,30089.89,Successful,1,2026-06
TXN301692,2026-02-27,CUST10264,CARD20387,Lagos,Platinum,Online,Fuel,6783.22,Successful,1,2026-02
TXN301693,2026-01-26,CUST10225,CARD20237,Port Harcourt,Classic,POS,Fuel,33798.08,Declined,0,2026-01
TXN301694,2026-06-23,CUST10217,CARD20519,Lagos,Platinum,POS,Utilities,3981.15,Successful,1,2026-06
TXN301695,2026-01-29,CUST10045,CARD20283,Lagos,Classic,POS,Groceries,17948.67,Successful,1,2026-01
TXN301696,2026-01-04,CUST10214,CARD20001,Ibadan,Classic,ATM,Utilities,8212.72,Reversed,0,2026-01
TXN301697,2026-04-09,CUST10059,CARD20464,Lagos,Classic,Online,Groceries,1910.05,Successful,1,2026-04
TXN301698,2026-05-21,CUST10132,CARD20230,Port Harcourt,Gold,Online,Groceries,4891.19,Successful,1,2026-05
TXN301699,2026-02-08,CUST10104,CARD20172,Lagos,Classic,POS,Utilities,7047.29,Successful,1,2026-02
TXN301700,2026-01-15,CUST10195,CARD20087,Lagos,Platinum,ATM,Entertainment,15111.41,Successful,1,2026-01
TXN301701,2026-04-29,CUST10413,CARD20553,Lagos,Classic,Online,Retail,5532.16,Successful,1,2026-04
TXN301702,2026-01-29,CUST10157,CARD20123,Abuja,Classic,POS,Retail,6512.53,Declined,0,2026-01
TXN301703,2026-06-06,CUST10098,CARD20298,Port Harcourt,Gold,Online,Entertainment,12491.29,Successful,1,2026-06
TXN301704,2026-03-16,CUST10226,CARD20575,Lagos,Classic,POS,Retail,11973.81,Successful,1,2026-03
TXN301705,2026-04-26,CUST10412,CARD20484,Lagos,Classic,POS,Dining,7529.77,Successful,1,2026-04
TXN301706,2026-02-01,CUST10205,CARD20165,Kano,Gold,POS,Fuel,6359.62,Successful,1,2026-02
TXN301707,2026-05-10,CUST10079,CARD20383,Lagos,Classic,ATM,Retail,17179.04,Successful,1,2026-05
TXN301708,2026-06-24,CUST10124,CARD20209,Ibadan,Classic,ATM,Dining,6331.08,Successful,1,2026-06
TXN301709,2026-03-25,CUST10428,CARD20432,Lagos,Classic,POS,Fuel,3129.07,Successful,1,2026-03
TXN301710,2026-01-22,CUST10218,CARD20389,Port Harcourt,Classic,Online,Retail,5910.46,Successful,1,2026-01
TXN301711,2026-01-27,CUST10004,CARD20560,Lagos,Platinum,Online,Groceries,12549.72,Declined,0,2026-01
TXN301712,2026-03-22,CUST10090,CARD20224,Ibadan,Gold,Online,Entertainment,7190.87,Successful,1,2026-03
TXN301713,2026-05-06,CUST10104,CARD20003,Port Harcourt,Classic,POS,Travel,5419.66,Declined,0,2026-05
TXN301714,2026-04-02,CUST10393,CARD20372,Lagos,Classic,Online,Retail,2969.53,Successful,1,2026-04
TXN301715,2026-01-21,CUST10119,CARD20446,Lagos,Classic,Online,Travel,7221.74,Successful,1,2026-01
TXN301716,2026-02-16,CUST10133,CARD20116,Port Harcourt,Platinum,POS,Retail,9723.79,Successful,1,2026-02
TXN301717,2026-04-11,CUST10312,CARD20270,Abuja,Classic,POS,Groceries,3619.5,Reversed,0,2026-04
TXN301718,2026-03-25,CUST10096,CARD20447,Lagos,Classic,Online,Entertainment,6964.42,Declined,0,2026-03
TXN301719,2026-01-06,CUST10434,CARD20368,Lagos,Gold,POS,Entertainment,3377.47,Declined,0,2026-01
TXN301720,2026-05-27,CUST10331,CARD20253,Ibadan,Platinum,ATM,Travel,7309.85,Declined,0,2026-05
TXN301721,2026-05-11,CUST10143,CARD20317,Lagos,Classic,POS,Dining,32221.73,Successful,1,2026-05
TXN301722,2026-01-01,CUST10288,CARD20415,Port Harcourt,Classic,ATM,Groceries,9296.29,Successful,1,2026-01
TXN301723,2026-02-27,CUST10028,CARD20095,Abuja,Classic,POS,Travel,2286.42,Successful,1,2026-02
TXN301724,2026-05-04,CUST10278,CARD20024,Ibadan,Classic,POS,Travel,10560.8,Successful,1,2026-05
TXN301725,2026-06-15,CUST10233,CARD20050,Kano,Gold,POS,Utilities,23143.09,Reversed,0,2026-06
TXN301726,2026-01-15,CUST10017,CARD20502,Kano,Gold,Online,Utilities,2677.81,Successful,1,2026-01
TXN301727,2026-06-11,CUST10059,CARD20498,Lagos,Gold,Online,Groceries,3510.82,Successful,1,2026-06
TXN301728,2026-06-12,CUST10090,CARD20335,Ibadan,Classic,POS,Groceries,9963.45,Successful,1,2026-06
TXN301729,2026-03-05,CUST10199,CARD20079,Lagos,Classic,POS,Groceries,7557.59,Successful,1,2026-03
TXN301730,2026-01-25,CUST10362,CARD20582,Abuja,Classic,Online,Fuel,21352.74,Successful,1,2026-01
TXN301731,2026-01-24,CUST10441,CARD20027,Abuja,Classic,POS,Dining,7012.79,Successful,1,2026-01
TXN301732,2026-01-12,CUST10026,CARD20271,Lagos,Gold,Online,Retail,15683.4,Successful,1,2026-01
TXN301733,2026-01-18,CUST10025,CARD20562,Kano,Classic,POS,Utilities,27514.89,Successful,1,2026-01
TXN301734,2026-01-15,CUST10394,CARD20247,Lagos,Classic,Online,Entertainment,4047.8,Successful,1,2026-01
TXN301735,2026-01-27,CUST10301,CARD20591,Port Harcourt,Classic,Online,Entertainment,14737.31,Successful,1,2026-01
TXN301736,2026-03-13,CUST10339,CARD20387,Ibadan,Classic,ATM,Travel,5879.99,Declined,0,2026-03
TXN301737,2026-03-01,CUST10267,CARD20559,Ibadan,Classic,Online,Utilities,1377.21,Successful,1,2026-03
TXN301738,2026-06-23,CUST10181,CARD20361,Lagos,Gold,POS,Retail,11862.06,Successful,1,2026-06
TXN301739,2026-05-25,CUST10360,CARD20488,Abuja,Classic,POS,Groceries,13089.33,Successful,1,2026-05
TXN301740,2026-04-03,CUST10068,CARD20352,Ibadan,Gold,Online,Entertainment,2346.33,Successful,1,2026-04
TXN301741,2026-02-22,CUST10351,CARD20256,Lagos,Classic,Online,Utilities,5635.59,Successful,1,2026-02
TXN301742,2026-01-08,CUST10412,CARD20222,Abuja,Classic,ATM,Dining,4922.62,Successful,1,2026-01
TXN301743,2026-03-20,CUST10321,CARD20001,Lagos,Platinum,Online,Dining,15490.62,Successful,1,2026-03
TXN301744,2026-01-27,CUST10049,CARD20546,Abuja,Classic,Online,Fuel,2346.42,Successful,1,2026-01
TXN301745,2026-06-23,CUST10175,CARD20446,Ibadan,Gold,POS,Utilities,8825.56,Successful,1,2026-06
TXN301746,2026-02-19,CUST10052,CARD20079,Abuja,Classic,POS,Groceries,1246.69,Successful,1,2026-02
TXN301747,2026-05-11,CUST10102,CARD20236,Abuja,Classic,POS,Travel,10977.55,Successful,1,2026-05
TXN301748,2026-04-03,CUST10216,CARD20334,Lagos,Gold,POS,Fuel,8956.22,Declined,0,2026-04
TXN301749,2026-06-21,CUST10438,CARD20349,Abuja,Platinum,Online,Groceries,5384.24,Successful,1,2026-06
TXN301750,2026-06-30,CUST10188,CARD20098,Lagos,Gold,POS,Fuel,25403.39,Successful,1,2026-06
TXN301751,2026-01-24,CUST10057,CARD20082,Lagos,Gold,POS,Utilities,993.74,Successful,1,2026-01
TXN301752,2026-03-01,CUST10047,CARD20502,Abuja,Classic,POS,Retail,7986.25,Successful,1,2026-03
TXN301753,2026-05-02,CUST10159,CARD20477,Port Harcourt,Gold,POS,Entertainment,21122.18,Reversed,0,2026-05
TXN301754,2026-05-11,CUST10174,CARD20550,Abuja,Gold,POS,Utilities,8982.62,Successful,1,2026-05
TXN301755,2026-05-28,CUST10242,CARD20014,Lagos,Classic,Online,Groceries,24169.65,Successful,1,2026-05
TXN301756,2026-02-15,CUST10282,CARD20392,Lagos,Classic,POS,Travel,5650.74,Declined,0,2026-02
TXN301757,2026-01-15,CUST10241,CARD20347,Lagos,Gold,Online,Travel,7088.8,Successful,1,2026-01
TXN301758,2026-06-02,CUST10370,CARD20310,Kano,Classic,Online,Groceries,21733.4,Successful,1,2026-06
TXN301759,2026-01-17,CUST10005,CARD20386,Abuja,Classic,ATM,Fuel,16574.87,Successful,1,2026-01
TXN301760,2026-05-06,CUST10084,CARD20209,Lagos,Platinum,POS,Dining,55237.79,Successful,1,2026-05
TXN301761,2026-03-25,CUST10308,CARD20357,Lagos,Classic,POS,Groceries,8797.77,Successful,1,2026-03
TXN301762,2026-01-09,CUST10361,CARD20568,Kano,Classic,POS,Entertainment,9510.93,Successful,1,2026-01
TXN301763,2026-06-15,CUST10248,CARD20094,Lagos,Gold,POS,Utilities,5602.01,Successful,1,2026-06
TXN301764,2026-06-25,CUST10054,CARD20093,Ibadan,Classic,ATM,Travel,6882.64,Successful,1,2026-06
TXN301765,2026-03-04,CUST10161,CARD20340,Lagos,Gold,Online,Retail,19195.91,Successful,1,2026-03
TXN301766,2026-04-27,CUST10434,CARD20597,Kano,Classic,Online,Travel,8101.36,Successful,1,2026-04
TXN301767,2026-05-10,CUST10422,CARD20445,Ibadan,Classic,POS,Dining,4247.84,Successful,1,2026-05
TXN301768,2026-03-29,CUST10411,CARD20022,Abuja,Classic,Online,Travel,5997.86,Successful,1,2026-03
TXN301769,2026-03-13,CUST10226,CARD20291,Lagos,Platinum,POS,Dining,7538.19,Declined,0,2026-03
TXN301770,2026-05-19,CUST10015,CARD20485,Lagos,Classic,Online,Entertainment,4473.79,Successful,1,2026-05
TXN301771,2026-03-05,CUST10224,CARD20306,Lagos,Classic,Online,Groceries,5617.45,Successful,1,2026-03
TXN301772,2026-03-13,CUST10061,CARD20128,Abuja,Classic,POS,Travel,3641.55,Successful,1,2026-03
TXN301773,2026-01-21,CUST10122,CARD20273,Lagos,Classic,POS,Fuel,5778.6,Successful,1,2026-01
TXN301774,2026-01-18,CUST10277,CARD20442,Lagos,Classic,Online,Utilities,20598.37,Declined,0,2026-01
TXN301775,2026-03-05,CUST10046,CARD20503,Abuja,Classic,POS,Fuel,8422.92,Successful,1,2026-03
TXN301776,2026-03-23,CUST10390,CARD20130,Abuja,Classic,POS,Utilities,58049.74,Successful,1,2026-03
TXN301777,2026-04-20,CUST10294,CARD20132,Lagos,Classic,POS,Travel,4398.01,Declined,0,2026-04
TXN301778,2026-04-05,CUST10062,CARD20597,Lagos,Gold,POS,Entertainment,11948.91,Successful,1,2026-04
TXN301779,2026-06-15,CUST10086,CARD20482,Kano,Gold,Online,Travel,9679.49,Successful,1,2026-06
TXN301780,2026-02-01,CUST10446,CARD20390,Abuja,Classic,Online,Utilities,13634.4,Successful,1,2026-02
TXN301781,2026-01-11,CUST10210,CARD20593,Port Harcourt,Classic,Online,Entertainment,4989.77,Reversed,0,2026-01
TXN301782,2026-02-14,CUST10078,CARD20325,Abuja,Gold,POS,Retail,6034.38,Successful,1,2026-02
TXN301783,2026-02-02,CUST10202,CARD20069,Lagos,Gold,Online,Entertainment,11223.94,Successful,1,2026-02
TXN301784,2026-04-12,CUST10302,CARD20448,Lagos,Classic,Online,Travel,5411.41,Successful,1,2026-04
TXN301785,2026-06-18,CUST10397,CARD20528,Lagos,Platinum,POS,Retail,1961.03,Successful,1,2026-06
TXN301786,2026-05-16,CUST10223,CARD20165,Ibadan,Classic,POS,Retail,23117.87,Successful,1,2026-05
TXN301787,2026-01-11,CUST10222,CARD20488,Port Harcourt,Classic,ATM,Utilities,16489.45,Successful,1,2026-01
TXN301788,2026-06-28,CUST10003,CARD20426,Lagos,Classic,POS,Retail,5803.93,Successful,1,2026-06
TXN301789,2026-03-29,CUST10006,CARD20265,Kano,Platinum,POS,Retail,9649.43,Successful,1,2026-03
TXN301790,2026-02-10,CUST10093,CARD20342,Lagos,Classic,POS,Groceries,18132.56,Successful,1,2026-02
TXN301791,2026-05-25,CUST10008,CARD20278,Kano,Gold,POS,Entertainment,23750.93,Successful,1,2026-05
TXN301792,2026-03-17,CUST10428,CARD20439,Kano,Classic,POS,Fuel,8807.93,Successful,1,2026-03
TXN301793,2026-05-01,CUST10235,CARD20157,Lagos,Classic,POS,Retail,5073.13,Successful,1,2026-05
TXN301794,2026-02-15,CUST10108,CARD20422,Lagos,Classic,Online,Fuel,26145.04,Successful,1,2026-02
TXN301795,2026-06-09,CUST10161,CARD20251,Abuja,Gold,POS,Retail,8740.96,Successful,1,2026-06
TXN301796,2026-03-21,CUST10209,CARD20530,Port Harcourt,Classic,Online,Fuel,7202.92,Successful,1,2026-03
TXN301797,2026-02-23,CUST10240,CARD20327,Abuja,Classic,POS,Travel,10002.3,Successful,1,2026-02
TXN301798,2026-03-27,CUST10331,CARD20097,Kano,Classic,ATM,Travel,20410.02,Successful,1,2026-03
TXN301799,2026-04-02,CUST10333,CARD20513,Port Harcourt,Platinum,ATM,Fuel,7855.44,Successful,1,2026-04
TXN301800,2026-05-28,CUST10050,CARD20216,Lagos,Classic,Online,Entertainment,17832.88,Successful,1,2026-05
TXN301801,2026-06-10,CUST10011,CARD20132,Lagos,Classic,ATM,Retail,6857.97,Successful,1,2026-06
TXN301802,2026-06-17,CUST10351,CARD20260,Port Harcourt,Classic,Online,Groceries,13190.4,Successful,1,2026-06
TXN301803,2026-06-09,CUST10156,CARD20125,Lagos,Platinum,ATM,Entertainment,3795.34,Declined,0,2026-06
TXN301804,2026-04-07,CUST10070,CARD20082,Ibadan,Platinum,POS,Fuel,19066.49,Successful,1,2026-04
TXN301805,2026-01-02,CUST10169,CARD20283,Lagos,Gold,POS,Entertainment,4718.12,Declined,0,2026-01
TXN301806,2026-02-02,CUST10272,CARD20059,Lagos,Classic,Online,Dining,11701.0,Successful,1,2026-02
TXN301807,2026-06-07,CUST10068,CARD20544,Lagos,Classic,POS,Groceries,2466.97,Successful,1,2026-06
TXN301808,2026-06-10,CUST10355,CARD20161,Port Harcourt,Platinum,Online,Dining,8265.55,Successful,1,2026-06
TXN301809,2026-03-18,CUST10252,CARD20284,Lagos,Classic,Online,Fuel,9419.14,Successful,1,2026-03
TXN301810,2026-04-26,CUST10048,CARD20106,Port Harcourt,Classic,POS,Retail,4698.22,Successful,1,2026-04
TXN301811,2026-06-03,CUST10184,CARD20105,Abuja,Classic,Online,Entertainment,7421.83,Successful,1,2026-06
TXN301812,2026-05-30,CUST10320,CARD20439,Ibadan,Platinum,POS,Entertainment,9993.41,Declined,0,2026-05
TXN301813,2026-04-13,CUST10187,CARD20228,Abuja,Classic,POS,Dining,12715.98,Successful,1,2026-04
TXN301814,2026-06-15,CUST10090,CARD20582,Lagos,Gold,Online,Entertainment,8778.97,Successful,1,2026-06
TXN301815,2026-04-13,CUST10446,CARD20318,Port Harcourt,Gold,POS,Fuel,23528.2,Successful,1,2026-04
TXN301816,2026-03-31,CUST10332,CARD20464,Lagos,Classic,Online,Groceries,20467.83,Reversed,0,2026-03
TXN301817,2026-06-23,CUST10139,CARD20599,Abuja,Classic,Online,Retail,7907.0,Successful,1,2026-06
TXN301818,2026-05-02,CUST10357,CARD20472,Lagos,Platinum,POS,Dining,2795.41,Declined,0,2026-05
TXN301819,2026-05-23,CUST10089,CARD20056,Port Harcourt,Platinum,Online,Entertainment,5488.11,Successful,1,2026-05
TXN301820,2026-04-16,CUST10274,CARD20013,Kano,Gold,Online,Fuel,1361.99,Successful,1,2026-04
TXN301821,2026-04-29,CUST10019,CARD20440,Abuja,Gold,POS,Retail,6998.81,Successful,1,2026-04
TXN301822,2026-06-21,CUST10311,CARD20018,Abuja,Classic,POS,Retail,24869.63,Successful,1,2026-06
TXN301823,2026-02-18,CUST10358,CARD20113,Port Harcourt,Platinum,Online,Travel,15257.2,Successful,1,2026-02
TXN301824,2026-04-14,CUST10374,CARD20229,Lagos,Classic,Online,Retail,8662.93,Successful,1,2026-04
TXN301825,2026-03-02,CUST10154,CARD20171,Kano,Gold,POS,Fuel,4527.97,Successful,1,2026-03
TXN301826,2026-05-03,CUST10390,CARD20295,Lagos,Platinum,POS,Groceries,8936.0,Successful,1,2026-05
TXN301827,2026-05-14,CUST10260,CARD20189,Kano,Gold,Online,Utilities,44577.39,Successful,1,2026-05
TXN301828,2026-01-09,CUST10108,CARD20426,Port Harcourt,Gold,Online,Travel,26639.73,Successful,1,2026-01
TXN301829,2026-01-06,CUST10371,CARD20079,Port Harcourt,Gold,POS,Fuel,7185.09,Successful,1,2026-01
TXN301830,2026-03-14,CUST10285,CARD20182,Port Harcourt,Classic,Online,Fuel,2476.11,Successful,1,2026-03
TXN301831,2026-04-13,CUST10059,CARD20499,Abuja,Gold,POS,Fuel,47404.72,Successful,1,2026-04
TXN301832,2026-06-09,CUST10125,CARD20071,Abuja,Classic,Online,Dining,4522.99,Successful,1,2026-06
TXN301833,2026-02-10,CUST10354,CARD20248,Lagos,Classic,POS,Entertainment,12382.76,Successful,1,2026-02
TXN301834,2026-04-24,CUST10273,CARD20146,Port Harcourt,Classic,POS,Dining,2328.61,Successful,1,2026-04
TXN301835,2026-01-08,CUST10107,CARD20296,Port Harcourt,Classic,POS,Groceries,6257.48,Successful,1,2026-01
TXN301836,2026-03-13,CUST10299,CARD20582,Ibadan,Gold,ATM,Fuel,2321.05,Successful,1,2026-03
TXN301837,2026-06-27,CUST10245,CARD20470,Abuja,Platinum,Online,Entertainment,3198.67,Successful,1,2026-06
TXN301838,2026-04-02,CUST10336,CARD20506,Lagos,Classic,Online,Dining,3866.97,Successful,1,2026-04
TXN301839,2026-03-03,CUST10450,CARD20193,Lagos,Classic,Online,Dining,11868.03,Successful,1,2026-03
TXN301840,2026-03-25,CUST10418,CARD20068,Port Harcourt,Classic,POS,Dining,7503.52,Declined,0,2026-03
TXN301841,2026-03-03,CUST10247,CARD20494,Lagos,Platinum,ATM,Groceries,70955.44,Successful,1,2026-03
TXN301842,2026-04-21,CUST10008,CARD20052,Lagos,Classic,POS,Groceries,20071.13,Successful,1,2026-04
TXN301843,2026-05-07,CUST10141,CARD20363,Ibadan,Gold,Online,Fuel,20422.51,Successful,1,2026-05
TXN301844,2026-01-07,CUST10362,CARD20474,Abuja,Platinum,POS,Travel,12123.9,Successful,1,2026-01
TXN301845,2026-03-25,CUST10008,CARD20521,Abuja,Classic,POS,Fuel,10105.57,Successful,1,2026-03
TXN301846,2026-05-12,CUST10352,CARD20431,Lagos,Platinum,Online,Dining,20978.34,Successful,1,2026-05
TXN301847,2026-05-14,CUST10094,CARD20298,Port Harcourt,Platinum,Online,Utilities,1205.95,Successful,1,2026-05
TXN301848,2026-02-27,CUST10321,CARD20435,Lagos,Platinum,Online,Entertainment,4925.75,Successful,1,2026-02
TXN301849,2026-01-22,CUST10427,CARD20198,Port Harcourt,Classic,Online,Dining,2728.77,Successful,1,2026-01
TXN301850,2026-06-03,CUST10039,CARD20128,Lagos,Classic,POS,Retail,1794.66,Successful,1,2026-06
TXN301851,2026-05-07,CUST10081,CARD20532,Ibadan,Platinum,ATM,Utilities,4381.05,Successful,1,2026-05
TXN301852,2026-01-03,CUST10187,CARD20411,Abuja,Classic,POS,Utilities,3234.95,Successful,1,2026-01
TXN301853,2026-05-07,CUST10084,CARD20065,Abuja,Gold,Online,Entertainment,21064.76,Successful,1,2026-05
TXN301854,2026-02-10,CUST10088,CARD20241,Abuja,Classic,Online,Fuel,8719.4,Successful,1,2026-02
TXN301855,2026-04-16,CUST10242,CARD20369,Port Harcourt,Classic,POS,Dining,1623.0,Successful,1,2026-04
TXN301856,2026-01-14,CUST10342,CARD20536,Lagos,Classic,POS,Dining,10417.4,Successful,1,2026-01
TXN301857,2026-01-12,CUST10093,CARD20384,Port Harcourt,Gold,POS,Travel,3605.61,Successful,1,2026-01
TXN301858,2026-03-28,CUST10086,CARD20431,Lagos,Classic,POS,Retail,8517.14,Successful,1,2026-03
TXN301859,2026-01-12,CUST10044,CARD20083,Kano,Gold,POS,Fuel,11103.07,Successful,1,2026-01
TXN301860,2026-05-21,CUST10137,CARD20574,Ibadan,Classic,POS,Groceries,4445.35,Successful,1,2026-05
TXN301861,2026-01-25,CUST10421,CARD20286,Lagos,Gold,POS,Fuel,9642.04,Successful,1,2026-01
TXN301862,2026-02-14,CUST10074,CARD20534,Ibadan,Gold,Online,Utilities,11177.51,Successful,1,2026-02
TXN301863,2026-05-02,CUST10036,CARD20459,Lagos,Classic,Online,Fuel,7105.21,Successful,1,2026-05
TXN301864,2026-05-27,CUST10101,CARD20212,Lagos,Classic,POS,Travel,4556.46,Successful,1,2026-05
TXN301865,2026-02-24,CUST10156,CARD20126,Kano,Classic,POS,Fuel,8123.48,Successful,1,2026-02
TXN301866,2026-04-10,CUST10426,CARD20413,Port Harcourt,Classic,POS,Travel,7247.49,Successful,1,2026-04
TXN301867,2026-06-22,CUST10255,CARD20499,Abuja,Gold,Online,Utilities,10438.09,Successful,1,2026-06
TXN301868,2026-05-16,CUST10171,CARD20425,Lagos,Classic,Online,Travel,6561.55,Successful,1,2026-05
TXN301869,2026-04-29,CUST10216,CARD20554,Lagos,Classic,Online,Entertainment,3122.48,Declined,0,2026-04
TXN301870,2026-02-22,CUST10170,CARD20543,Kano,Gold,Online,Entertainment,7078.33,Successful,1,2026-02
TXN301871,2026-02-01,CUST10252,CARD20158,Lagos,Classic,Online,Dining,10523.25,Successful,1,2026-02
TXN301872,2026-02-20,CUST10360,CARD20112,Lagos,Platinum,Online,Groceries,9396.65,Successful,1,2026-02
TXN301873,2026-02-13,CUST10322,CARD20402,Abuja,Classic,POS,Utilities,7414.99,Successful,1,2026-02
TXN301874,2026-03-23,CUST10055,CARD20122,Abuja,Platinum,Online,Travel,5490.14,Successful,1,2026-03
TXN301875,2026-05-26,CUST10432,CARD20273,Abuja,Classic,ATM,Retail,5267.58,Successful,1,2026-05
TXN301876,2026-05-30,CUST10091,CARD20294,Lagos,Classic,Online,Utilities,5723.67,Successful,1,2026-05
TXN301877,2026-02-06,CUST10278,CARD20398,Lagos,Classic,Online,Retail,19166.67,Successful,1,2026-02
TXN301878,2026-04-06,CUST10101,CARD20471,Lagos,Classic,POS,Groceries,3796.06,Successful,1,2026-04
TXN301879,2026-02-25,CUST10155,CARD20207,Kano,Classic,ATM,Travel,8714.92,Successful,1,2026-02
TXN301880,2026-04-15,CUST10377,CARD20110,Lagos,Classic,POS,Utilities,2961.95,Successful,1,2026-04
TXN301881,2026-02-28,CUST10349,CARD20440,Port Harcourt,Gold,POS,Utilities,14939.83,Successful,1,2026-02
TXN301882,2026-05-11,CUST10364,CARD20278,Port Harcourt,Classic,POS,Groceries,5276.9,Successful,1,2026-05
TXN301883,2026-06-05,CUST10141,CARD20568,Ibadan,Gold,ATM,Dining,4186.04,Successful,1,2026-06
TXN301884,2026-02-04,CUST10173,CARD20569,Ibadan,Classic,Online,Retail,9627.31,Successful,1,2026-02
TXN301885,2026-04-03,CUST10010,CARD20482,Lagos,Platinum,ATM,Utilities,1131.62,Successful,1,2026-04
TXN301886,2026-04-07,CUST10228,CARD20114,Lagos,Classic,Online,Fuel,2865.27,Successful,1,2026-04
TXN301887,2026-05-15,CUST10265,CARD20477,Abuja,Classic,POS,Retail,10815.41,Successful,1,2026-05
TXN301888,2026-03-17,CUST10438,CARD20321,Lagos,Classic,ATM,Travel,18245.7,Successful,1,2026-03
TXN301889,2026-02-18,CUST10248,CARD20179,Port Harcourt,Classic,ATM,Groceries,11623.1,Successful,1,2026-02
TXN301890,2026-04-04,CUST10247,CARD20219,Port Harcourt,Classic,Online,Retail,9059.29,Successful,1,2026-04
TXN301891,2026-06-08,CUST10155,CARD20528,Ibadan,Classic,POS,Fuel,55731.86,Successful,1,2026-06
TXN301892,2026-01-24,CUST10034,CARD20492,Lagos,Gold,Online,Entertainment,12005.5,Successful,1,2026-01
TXN301893,2026-05-28,CUST10129,CARD20061,Kano,Platinum,ATM,Fuel,3513.58,Successful,1,2026-05
TXN301894,2026-02-06,CUST10160,CARD20054,Lagos,Classic,Online,Groceries,18393.07,Successful,1,2026-02
TXN301895,2026-01-04,CUST10089,CARD20538,Abuja,Platinum,Online,Groceries,4852.13,Successful,1,2026-01
TXN301896,2026-04-18,CUST10093,CARD20065,Abuja,Platinum,ATM,Entertainment,4598.15,Successful,1,2026-04
TXN301897,2026-05-06,CUST10327,CARD20586,Port Harcourt,Platinum,ATM,Retail,2684.51,Successful,1,2026-05
TXN301898,2026-01-20,CUST10241,CARD20171,Abuja,Classic,Online,Travel,5830.56,Successful,1,2026-01
TXN301899,2026-06-01,CUST10323,CARD20273,Kano,Classic,Online,Dining,3030.26,Declined,0,2026-06
TXN301900,2026-02-19,CUST10404,CARD20535,Kano,Classic,POS,Fuel,12656.67,Successful,1,2026-02
TXN301901,2026-06-26,CUST10117,CARD20391,Ibadan,Gold,Online,Groceries,7329.54,Successful,1,2026-06
TXN301902,2026-06-28,CUST10094,CARD20327,Lagos,Classic,Online,Dining,2727.76,Successful,1,2026-06
TXN301903,2026-04-06,CUST10163,CARD20108,Ibadan,Classic,Online,Dining,7594.39,Successful,1,2026-04
TXN301904,2026-04-15,CUST10099,CARD20162,Ibadan,Classic,Online,Dining,17944.97,Declined,0,2026-04
TXN301905,2026-06-13,CUST10113,CARD20452,Lagos,Classic,POS,Travel,29667.55,Successful,1,2026-06
TXN301906,2026-04-27,CUST10359,CARD20206,Lagos,Gold,POS,Groceries,1935.86,Reversed,0,2026-04
TXN301907,2026-04-08,CUST10091,CARD20590,Lagos,Classic,Online,Fuel,4347.36,Successful,1,2026-04
TXN301908,2026-03-07,CUST10346,CARD20016,Lagos,Gold,Online,Groceries,2888.58,Successful,1,2026-03
TXN301909,2026-03-20,CUST10206,CARD20327,Abuja,Gold,POS,Retail,10751.93,Successful,1,2026-03
TXN301910,2026-06-11,CUST10017,CARD20002,Kano,Classic,POS,Fuel,2625.09,Successful,1,2026-06
TXN301911,2026-06-13,CUST10274,CARD20010,Abuja,Classic,POS,Groceries,18908.9,Successful,1,2026-06
TXN301912,2026-01-06,CUST10173,CARD20434,Abuja,Gold,POS,Fuel,21225.41,Successful,1,2026-01
TXN301913,2026-02-08,CUST10116,CARD20125,Kano,Classic,POS,Retail,15591.72,Successful,1,2026-02
TXN301914,2026-06-19,CUST10349,CARD20081,Lagos,Classic,POS,Utilities,4564.98,Successful,1,2026-06
TXN301915,2026-04-25,CUST10181,CARD20485,Ibadan,Classic,POS,Fuel,4800.83,Successful,1,2026-04
TXN301916,2026-05-05,CUST10091,CARD20150,Abuja,Gold,POS,Utilities,5623.35,Declined,0,2026-05
TXN301917,2026-01-12,CUST10082,CARD20340,Abuja,Gold,POS,Dining,19615.2,Successful,1,2026-01
TXN301918,2026-05-11,CUST10324,CARD20129,Lagos,Classic,Online,Entertainment,2083.02,Successful,1,2026-05
TXN301919,2026-01-18,CUST10449,CARD20438,Abuja,Classic,POS,Travel,11035.79,Successful,1,2026-01
TXN301920,2026-02-09,CUST10114,CARD20501,Lagos,Classic,POS,Retail,3840.05,Successful,1,2026-02
TXN301921,2026-01-21,CUST10257,CARD20058,Port Harcourt,Gold,POS,Fuel,5793.33,Successful,1,2026-01
TXN301922,2026-05-23,CUST10058,CARD20198,Lagos,Classic,POS,Retail,14602.01,Successful,1,2026-05
TXN301923,2026-04-09,CUST10154,CARD20211,Ibadan,Gold,POS,Dining,2410.63,Successful,1,2026-04
TXN301924,2026-01-26,CUST10365,CARD20045,Lagos,Classic,POS,Utilities,6488.64,Successful,1,2026-01
TXN301925,2026-01-08,CUST10404,CARD20097,Lagos,Gold,Online,Travel,7309.5,Successful,1,2026-01
TXN301926,2026-04-10,CUST10116,CARD20279,Port Harcourt,Classic,Online,Retail,7864.28,Successful,1,2026-04
TXN301927,2026-03-28,CUST10343,CARD20535,Lagos,Gold,Online,Utilities,7461.08,Successful,1,2026-03
TXN301928,2026-02-11,CUST10266,CARD20410,Port Harcourt,Classic,Online,Dining,12648.91,Successful,1,2026-02
TXN301929,2026-06-21,CUST10315,CARD20461,Kano,Gold,POS,Dining,5644.34,Successful,1,2026-06
TXN301930,2026-01-14,CUST10203,CARD20391,Port Harcourt,Classic,ATM,Dining,10854.05,Successful,1,2026-01
TXN301931,2026-03-19,CUST10041,CARD20044,Lagos,Classic,POS,Entertainment,10549.89,Successful,1,2026-03
TXN301932,2026-01-02,CUST10105,CARD20027,Abuja,Classic,Online,Utilities,10186.87,Successful,1,2026-01
TXN301933,2026-04-29,CUST10389,CARD20097,Port Harcourt,Gold,POS,Fuel,12360.62,Successful,1,2026-04
TXN301934,2026-02-06,CUST10378,CARD20548,Ibadan,Gold,Online,Groceries,10154.42,Successful,1,2026-02
TXN301935,2026-03-10,CUST10193,CARD20567,Lagos,Classic,Online,Retail,7542.14,Successful,1,2026-03
TXN301936,2026-06-15,CUST10401,CARD20219,Abuja,Gold,POS,Entertainment,2936.11,Successful,1,2026-06
TXN301937,2026-02-10,CUST10278,CARD20185,Abuja,Gold,Online,Groceries,23998.57,Successful,1,2026-02
TXN301938,2026-03-03,CUST10354,CARD20069,Lagos,Platinum,POS,Dining,31435.73,Successful,1,2026-03
TXN301939,2026-03-01,CUST10237,CARD20130,Lagos,Gold,Online,Groceries,6078.26,Successful,1,2026-03
TXN301940,2026-05-05,CUST10425,CARD20567,Abuja,Gold,Online,Utilities,11674.08,Successful,1,2026-05
TXN301941,2026-04-21,CUST10221,CARD20599,Ibadan,Classic,POS,Dining,5228.66,Successful,1,2026-04
TXN301942,2026-01-14,CUST10068,CARD20334,Kano,Gold,POS,Entertainment,4554.29,Declined,0,2026-01
TXN301943,2026-03-25,CUST10197,CARD20154,Port Harcourt,Gold,POS,Dining,8469.72,Successful,1,2026-03
TXN301944,2026-05-10,CUST10256,CARD20547,Lagos,Platinum,Online,Travel,76570.31,Successful,1,2026-05
TXN301945,2026-03-11,CUST10139,CARD20079,Lagos,Classic,POS,Travel,29035.59,Successful,1,2026-03
TXN301946,2026-05-25,CUST10312,CARD20579,Kano,Classic,Online,Entertainment,25756.1,Successful,1,2026-05
TXN301947,2026-05-03,CUST10435,CARD20413,Kano,Classic,ATM,Utilities,12271.29,Successful,1,2026-05
TXN301948,2026-03-30,CUST10149,CARD20546,Kano,Gold,POS,Utilities,3889.28,Successful,1,2026-03
TXN301949,2026-01-28,CUST10099,CARD20169,Ibadan,Platinum,ATM,Groceries,18572.78,Successful,1,2026-01
TXN301950,2026-03-07,CUST10076,CARD20583,Lagos,Classic,Online,Entertainment,834.0,Successful,1,2026-03
TXN301951,2026-06-12,CUST10282,CARD20515,Ibadan,Gold,POS,Retail,11077.81,Successful,1,2026-06
TXN301952,2026-01-05,CUST10371,CARD20314,Lagos,Gold,POS,Entertainment,19502.59,Successful,1,2026-01
TXN301953,2026-06-17,CUST10403,CARD20032,Lagos,Gold,Online,Groceries,9147.06,Successful,1,2026-06
TXN301954,2026-06-13,CUST10109,CARD20287,Port Harcourt,Classic,POS,Utilities,30561.55,Successful,1,2026-06
TXN301955,2026-02-14,CUST10188,CARD20594,Lagos,Gold,POS,Retail,2589.68,Successful,1,2026-02
TXN301956,2026-05-31,CUST10199,CARD20043,Lagos,Classic,POS,Entertainment,29160.1,Successful,1,2026-05
TXN301957,2026-02-16,CUST10303,CARD20001,Abuja,Gold,Online,Groceries,7142.59,Successful,1,2026-02
TXN301958,2026-01-31,CUST10327,CARD20573,Abuja,Classic,Online,Fuel,25864.49,Successful,1,2026-01
TXN301959,2026-05-19,CUST10154,CARD20270,Ibadan,Classic,Online,Fuel,18327.49,Successful,1,2026-05
TXN301960,2026-01-10,CUST10040,CARD20180,Lagos,Gold,POS,Retail,27207.73,Successful,1,2026-01
TXN301961,2026-04-28,CUST10133,CARD20518,Lagos,Classic,Online,Travel,17683.24,Successful,1,2026-04
TXN301962,2026-01-14,CUST10405,CARD20103,Lagos,Classic,ATM,Retail,14094.61,Reversed,0,2026-01
TXN301963,2026-03-21,CUST10132,CARD20010,Lagos,Gold,POS,Groceries,24171.54,Successful,1,2026-03
TXN301964,2026-04-03,CUST10279,CARD20583,Lagos,Classic,POS,Dining,8470.83,Successful,1,2026-04
TXN301965,2026-01-10,CUST10362,CARD20090,Port Harcourt,Classic,ATM,Fuel,13119.74,Successful,1,2026-01
TXN301966,2026-03-17,CUST10084,CARD20226,Abuja,Classic,Online,Dining,8079.66,Successful,1,2026-03
TXN301967,2026-04-04,CUST10399,CARD20126,Port Harcourt,Classic,Online,Fuel,4681.31,Successful,1,2026-04
TXN301968,2026-04-15,CUST10242,CARD20209,Kano,Classic,ATM,Groceries,12351.8,Successful,1,2026-04
TXN301969,2026-01-01,CUST10116,CARD20097,Port Harcourt,Classic,Online,Fuel,9484.33,Successful,1,2026-01
TXN301970,2026-05-13,CUST10109,CARD20074,Lagos,Platinum,POS,Retail,22149.7,Successful,1,2026-05
TXN301971,2026-01-20,CUST10221,CARD20191,Lagos,Classic,Online,Dining,6947.91,Successful,1,2026-01
TXN301972,2026-01-08,CUST10392,CARD20056,Ibadan,Classic,Online,Utilities,4409.19,Successful,1,2026-01
TXN301973,2026-06-20,CUST10041,CARD20553,Abuja,Classic,ATM,Dining,21903.63,Successful,1,2026-06
TXN301974,2026-01-01,CUST10368,CARD20032,Ibadan,Classic,POS,Groceries,8524.27,Successful,1,2026-01
TXN301975,2026-02-26,CUST10147,CARD20527,Ibadan,Gold,Online,Utilities,4302.78,Successful,1,2026-02
TXN301976,2026-03-05,CUST10112,CARD20574,Kano,Gold,Online,Dining,24618.09,Successful,1,2026-03
TXN301977,2026-04-28,CUST10103,CARD20284,Kano,Classic,POS,Entertainment,17007.48,Successful,1,2026-04
TXN301978,2026-01-28,CUST10046,CARD20494,Abuja,Classic,POS,Groceries,35563.18,Declined,0,2026-01
TXN301979,2026-05-01,CUST10412,CARD20187,Lagos,Classic,ATM,Entertainment,6168.85,Declined,0,2026-05
TXN301980,2026-04-17,CUST10324,CARD20498,Kano,Gold,POS,Travel,5515.66,Successful,1,2026-04
TXN301981,2026-06-14,CUST10378,CARD20442,Abuja,Gold,Online,Retail,3397.32,Successful,1,2026-06
TXN301982,2026-06-24,CUST10271,CARD20130,Lagos,Classic,ATM,Fuel,5148.58,Successful,1,2026-06
TXN301983,2026-06-14,CUST10421,CARD20292,Port Harcourt,Classic,POS,Entertainment,5948.6,Successful,1,2026-06
TXN301984,2026-02-18,CUST10385,CARD20114,Abuja,Gold,ATM,Fuel,13994.24,Reversed,0,2026-02
TXN301985,2026-04-30,CUST10195,CARD20199,Ibadan,Platinum,Online,Fuel,3852.6,Successful,1,2026-04
TXN301986,2026-02-13,CUST10367,CARD20013,Port Harcourt,Platinum,Online,Travel,4766.32,Successful,1,2026-02
TXN301987,2026-02-25,CUST10280,CARD20271,Lagos,Classic,POS,Retail,31486.87,Successful,1,2026-02
TXN301988,2026-06-05,CUST10283,CARD20215,Kano,Classic,ATM,Dining,776.86,Successful,1,2026-06
TXN301989,2026-04-21,CUST10040,CARD20444,Ibadan,Classic,POS,Entertainment,11898.99,Successful,1,2026-04
TXN301990,2026-05-14,CUST10447,CARD20512,Port Harcourt,Gold,POS,Dining,2886.12,Successful,1,2026-05
TXN301991,2026-04-18,CUST10189,CARD20447,Lagos,Platinum,POS,Retail,4254.78,Successful,1,2026-04
TXN301992,2026-05-28,CUST10164,CARD20074,Lagos,Classic,POS,Utilities,25303.28,Successful,1,2026-05
TXN301993,2026-04-24,CUST10024,CARD20537,Port Harcourt,Classic,POS,Retail,8580.62,Successful,1,2026-04
TXN301994,2026-03-19,CUST10024,CARD20101,Lagos,Classic,ATM,Fuel,67891.14,Successful,1,2026-03
TXN301995,2026-05-10,CUST10004,CARD20176,Lagos,Classic,ATM,Dining,13379.11,Successful,1,2026-05
TXN301996,2026-02-06,CUST10323,CARD20427,Port Harcourt,Classic,POS,Retail,4172.46,Successful,1,2026-02
TXN301997,2026-01-20,CUST10290,CARD20117,Abuja,Gold,POS,Dining,12659.85,Successful,1,2026-01
TXN301998,2026-01-26,CUST10441,CARD20166,Lagos,Classic,Online,Retail,20009.81,Successful,1,2026-01
TXN301999,2026-01-29,CUST10433,CARD20041,Lagos,Classic,POS,Groceries,12302.36,Successful,1,2026-01
TXN302000,2026-01-01,CUST10181,CARD20429,Abuja,Gold,Online,Entertainment,6820.66,Successful,1,2026-01
TXN302001,2026-04-29,CUST10248,CARD20344,Port Harcourt,Classic,Online,Fuel,2094.68,Successful,1,2026-04
TXN302002,2026-02-04,CUST10116,CARD20424,Lagos,Classic,Online,Retail,6260.67,Successful,1,2026-02
TXN302003,2026-02-28,CUST10279,CARD20366,Lagos,Classic,POS,Travel,30763.77,Successful,1,2026-02
TXN302004,2026-03-10,CUST10365,CARD20120,Port Harcourt,Platinum,POS,Retail,4283.93,Successful,1,2026-03
TXN302005,2026-06-10,CUST10069,CARD20229,Kano,Gold,POS,Groceries,5828.66,Successful,1,2026-06
TXN302006,2026-06-28,CUST10351,CARD20130,Abuja,Classic,POS,Travel,17937.19,Successful,1,2026-06
TXN302007,2026-01-12,CUST10254,CARD20352,Lagos,Classic,POS,Travel,13303.23,Successful,1,2026-01
TXN302008,2026-01-20,CUST10181,CARD20318,Lagos,Classic,ATM,Retail,2841.48,Successful,1,2026-01
TXN302009,2026-06-30,CUST10318,CARD20337,Ibadan,Gold,ATM,Groceries,7428.7,Successful,1,2026-06
TXN302010,2026-02-12,CUST10169,CARD20273,Lagos,Gold,ATM,Travel,24973.63,Successful,1,2026-02
TXN302011,2026-05-06,CUST10313,CARD20117,Abuja,Platinum,ATM,Entertainment,8276.56,Successful,1,2026-05
TXN302012,2026-02-19,CUST10249,CARD20368,Lagos,Classic,POS,Fuel,25463.08,Successful,1,2026-02
TXN302013,2026-01-29,CUST10188,CARD20094,Lagos,Platinum,Online,Utilities,26641.37,Successful,1,2026-01
TXN302014,2026-02-08,CUST10054,CARD20168,Ibadan,Platinum,POS,Fuel,3857.88,Successful,1,2026-02
TXN302015,2026-06-20,CUST10326,CARD20341,Port Harcourt,Platinum,POS,Dining,6399.43,Declined,0,2026-06
TXN302016,2026-06-27,CUST10357,CARD20152,Port Harcourt,Gold,Online,Dining,13712.77,Successful,1,2026-06
TXN302017,2026-05-31,CUST10313,CARD20586,Lagos,Classic,Online,Groceries,2368.12,Successful,1,2026-05
TXN302018,2026-06-21,CUST10138,CARD20274,Lagos,Classic,Online,Travel,6778.83,Successful,1,2026-06
TXN302019,2026-02-07,CUST10168,CARD20554,Abuja,Classic,POS,Fuel,12543.39,Successful,1,2026-02
TXN302020,2026-03-25,CUST10391,CARD20496,Abuja,Classic,POS,Fuel,4925.59,Successful,1,2026-03
TXN302021,2026-05-31,CUST10103,CARD20101,Lagos,Gold,POS,Utilities,12971.19,Successful,1,2026-05
TXN302022,2026-05-08,CUST10422,CARD20557,Lagos,Gold,POS,Groceries,5013.36,Declined,0,2026-05
TXN302023,2026-05-06,CUST10085,CARD20082,Lagos,Platinum,POS,Entertainment,4969.12,Successful,1,2026-05
TXN302024,2026-02-14,CUST10317,CARD20529,Kano,Classic,Online,Travel,14696.27,Successful,1,2026-02
TXN302025,2026-02-21,CUST10212,CARD20073,Ibadan,Classic,Online,Groceries,24207.94,Successful,1,2026-02
TXN302026,2026-03-21,CUST10003,CARD20014,Kano,Gold,POS,Retail,4588.94,Successful,1,2026-03
TXN302027,2026-06-27,CUST10384,CARD20433,Lagos,Classic,Online,Fuel,3074.54,Successful,1,2026-06
TXN302028,2026-05-04,CUST10179,CARD20157,Kano,Classic,POS,Groceries,7865.13,Declined,0,2026-05
TXN302029,2026-04-29,CUST10342,CARD20132,Lagos,Platinum,ATM,Groceries,11772.5,Declined,0,2026-04
TXN302030,2026-01-08,CUST10303,CARD20338,Abuja,Gold,POS,Utilities,4552.44,Successful,1,2026-01
TXN302031,2026-03-26,CUST10332,CARD20404,Ibadan,Classic,Online,Entertainment,30593.75,Successful,1,2026-03
TXN302032,2026-05-09,CUST10038,CARD20376,Lagos,Gold,ATM,Retail,7204.98,Successful,1,2026-05
TXN302033,2026-01-08,CUST10420,CARD20559,Abuja,Gold,Online,Dining,4521.08,Successful,1,2026-01
TXN302034,2026-06-06,CUST10239,CARD20107,Lagos,Gold,POS,Fuel,38000.77,Successful,1,2026-06
TXN302035,2026-04-06,CUST10169,CARD20265,Lagos,Gold,Online,Utilities,22319.9,Successful,1,2026-04
TXN302036,2026-04-12,CUST10397,CARD20205,Abuja,Classic,POS,Entertainment,4528.1,Successful,1,2026-04
TXN302037,2026-01-05,CUST10343,CARD20079,Port Harcourt,Gold,POS,Entertainment,19028.87,Successful,1,2026-01
TXN302038,2026-03-27,CUST10314,CARD20155,Port Harcourt,Classic,POS,Groceries,4794.98,Successful,1,2026-03
TXN302039,2026-06-24,CUST10306,CARD20247,Abuja,Classic,ATM,Fuel,14973.86,Successful,1,2026-06
TXN302040,2026-02-03,CUST10030,CARD20531,Port Harcourt,Platinum,ATM,Dining,33585.83,Successful,1,2026-02
TXN302041,2026-02-24,CUST10190,CARD20538,Lagos,Classic,POS,Entertainment,3080.75,Successful,1,2026-02
TXN302042,2026-04-29,CUST10357,CARD20154,Lagos,Gold,Online,Groceries,5269.99,Successful,1,2026-04
TXN302043,2026-06-20,CUST10025,CARD20154,Kano,Gold,ATM,Entertainment,5363.3,Successful,1,2026-06
TXN302044,2026-06-07,CUST10112,CARD20092,Lagos,Platinum,Online,Retail,10021.49,Successful,1,2026-06
TXN302045,2026-04-24,CUST10411,CARD20433,Port Harcourt,Platinum,POS,Entertainment,11833.24,Successful,1,2026-04
TXN302046,2026-05-25,CUST10435,CARD20338,Lagos,Classic,Online,Fuel,7545.6,Successful,1,2026-05
TXN302047,2026-01-26,CUST10206,CARD20480,Port Harcourt,Classic,Online,Entertainment,2110.18,Successful,1,2026-01
TXN302048,2026-05-16,CUST10185,CARD20131,Port Harcourt,Classic,POS,Entertainment,3026.59,Successful,1,2026-05
TXN302049,2026-02-16,CUST10382,CARD20450,Lagos,Classic,Online,Utilities,3996.45,Successful,1,2026-02
TXN302050,2026-04-23,CUST10379,CARD20273,Lagos,Classic,POS,Retail,12681.73,Successful,1,2026-04
TXN302051,2026-03-17,CUST10047,CARD20588,Port Harcourt,Gold,POS,Dining,2654.23,Successful,1,2026-03
TXN302052,2026-03-13,CUST10374,CARD20177,Lagos,Gold,POS,Dining,3901.26,Successful,1,2026-03
TXN302053,2026-03-30,CUST10228,CARD20049,Lagos,Platinum,POS,Fuel,3271.77,Successful,1,2026-03
TXN302054,2026-02-15,CUST10039,CARD20567,Port Harcourt,Gold,Online,Dining,10647.11,Successful,1,2026-02
TXN302055,2026-02-02,CUST10016,CARD20355,Lagos,Gold,POS,Travel,20038.16,Successful,1,2026-02
TXN302056,2026-01-01,CUST10022,CARD20308,Ibadan,Classic,Online,Utilities,9166.61,Successful,1,2026-01
TXN302057,2026-05-27,CUST10213,CARD20046,Abuja,Classic,POS,Fuel,39926.78,Declined,0,2026-05
TXN302058,2026-01-31,CUST10310,CARD20302,Lagos,Classic,Online,Entertainment,9165.11,Successful,1,2026-01
TXN302059,2026-05-22,CUST10149,CARD20408,Port Harcourt,Gold,ATM,Travel,7515.21,Successful,1,2026-05
TXN302060,2026-02-22,CUST10241,CARD20189,Abuja,Classic,Online,Dining,4327.14,Successful,1,2026-02
TXN302061,2026-02-17,CUST10272,CARD20129,Lagos,Gold,ATM,Entertainment,9531.83,Successful,1,2026-02
TXN302062,2026-03-10,CUST10059,CARD20561,Abuja,Gold,Online,Fuel,4182.14,Successful,1,2026-03
TXN302063,2026-04-15,CUST10287,CARD20537,Lagos,Classic,POS,Travel,3702.7,Successful,1,2026-04
TXN302064,2026-03-31,CUST10426,CARD20266,Lagos,Classic,ATM,Dining,3618.99,Successful,1,2026-03
TXN302065,2026-03-04,CUST10202,CARD20118,Lagos,Classic,Online,Groceries,6772.45,Successful,1,2026-03
TXN302066,2026-03-14,CUST10032,CARD20464,Lagos,Classic,Online,Groceries,5431.21,Successful,1,2026-03
TXN302067,2026-06-10,CUST10443,CARD20144,Lagos,Gold,Online,Retail,67764.05,Successful,1,2026-06
TXN302068,2026-06-18,CUST10162,CARD20442,Port Harcourt,Gold,Online,Groceries,9580.68,Successful,1,2026-06
TXN302069,2026-03-30,CUST10255,CARD20200,Port Harcourt,Gold,POS,Travel,9455.35,Successful,1,2026-03
TXN302070,2026-06-25,CUST10254,CARD20157,Abuja,Gold,Online,Utilities,5210.52,Successful,1,2026-06
TXN302071,2026-01-13,CUST10009,CARD20487,Port Harcourt,Gold,POS,Groceries,94125.06,Successful,1,2026-01
TXN302072,2026-03-14,CUST10139,CARD20134,Ibadan,Platinum,POS,Fuel,3869.35,Successful,1,2026-03
TXN302073,2026-03-18,CUST10010,CARD20148,Abuja,Classic,Online,Fuel,5547.11,Successful,1,2026-03
TXN302074,2026-06-08,CUST10214,CARD20336,Abuja,Gold,POS,Fuel,18022.36,Successful,1,2026-06
TXN302075,2026-03-09,CUST10273,CARD20071,Lagos,Classic,POS,Groceries,9526.96,Successful,1,2026-03
TXN302076,2026-04-08,CUST10324,CARD20233,Ibadan,Classic,Online,Entertainment,2926.53,Successful,1,2026-04
TXN302077,2026-05-05,CUST10048,CARD20334,Lagos,Classic,Online,Groceries,8281.95,Successful,1,2026-05
TXN302078,2026-04-12,CUST10436,CARD20090,Lagos,Gold,Online,Retail,13957.16,Successful,1,2026-04
TXN302079,2026-05-12,CUST10111,CARD20334,Port Harcourt,Classic,Online,Utilities,12205.18,Successful,1,2026-05
TXN302080,2026-04-12,CUST10153,CARD20199,Lagos,Classic,ATM,Entertainment,13752.11,Successful,1,2026-04
TXN302081,2026-01-19,CUST10123,CARD20161,Lagos,Platinum,POS,Utilities,46562.85,Successful,1,2026-01
TXN302082,2026-03-23,CUST10405,CARD20538,Abuja,Gold,Online,Entertainment,10069.07,Successful,1,2026-03
TXN302083,2026-05-21,CUST10357,CARD20121,Abuja,Gold,POS,Entertainment,15313.89,Successful,1,2026-05
TXN302084,2026-01-23,CUST10102,CARD20301,Port Harcourt,Gold,POS,Dining,1165.21,Successful,1,2026-01
TXN302085,2026-03-24,CUST10241,CARD20575,Ibadan,Platinum,Online,Retail,36042.42,Successful,1,2026-03
TXN302086,2026-04-19,CUST10321,CARD20436,Lagos,Gold,Online,Travel,8535.59,Successful,1,2026-04
TXN302087,2026-03-16,CUST10191,CARD20068,Lagos,Classic,POS,Fuel,4046.45,Successful,1,2026-03
TXN302088,2026-05-09,CUST10217,CARD20459,Port Harcourt,Platinum,POS,Groceries,6931.4,Declined,0,2026-05
TXN302089,2026-03-29,CUST10051,CARD20514,Lagos,Gold,Online,Dining,13766.83,Declined,0,2026-03
TXN302090,2026-02-23,CUST10292,CARD20398,Port Harcourt,Classic,Online,Dining,18542.09,Declined,0,2026-02
TXN302091,2026-03-30,CUST10081,CARD20286,Lagos,Classic,Online,Entertainment,7508.58,Successful,1,2026-03
TXN302092,2026-05-23,CUST10383,CARD20561,Abuja,Classic,POS,Groceries,13110.3,Successful,1,2026-05
TXN302093,2026-03-06,CUST10088,CARD20140,Abuja,Platinum,Online,Retail,6564.47,Successful,1,2026-03
TXN302094,2026-03-17,CUST10194,CARD20556,Abuja,Classic,POS,Dining,12007.68,Successful,1,2026-03
TXN302095,2026-05-23,CUST10104,CARD20590,Abuja,Platinum,POS,Utilities,9556.9,Successful,1,2026-05
TXN302096,2026-05-29,CUST10271,CARD20282,Abuja,Platinum,Online,Retail,10307.85,Successful,1,2026-05
TXN302097,2026-05-27,CUST10096,CARD20578,Lagos,Gold,Online,Groceries,6318.45,Successful,1,2026-05
TXN302098,2026-03-01,CUST10423,CARD20457,Lagos,Gold,POS,Entertainment,11191.69,Successful,1,2026-03
TXN302099,2026-04-03,CUST10379,CARD20087,Lagos,Classic,POS,Retail,4182.91,Successful,1,2026-04
TXN302100,2026-06-10,CUST10198,CARD20079,Abuja,Classic,Online,Entertainment,9468.21,Successful,1,2026-06
TXN302101,2026-02-18,CUST10001,CARD20205,Lagos,Classic,POS,Utilities,4877.69,Successful,1,2026-02
TXN302102,2026-02-04,CUST10407,CARD20337,Abuja,Gold,POS,Fuel,3659.46,Reversed,0,2026-02
TXN302103,2026-06-21,CUST10378,CARD20254,Lagos,Classic,POS,Entertainment,4608.0,Declined,0,2026-06
TXN302104,2026-04-12,CUST10167,CARD20304,Port Harcourt,Classic,POS,Entertainment,6860.8,Successful,1,2026-04
TXN302105,2026-01-11,CUST10126,CARD20380,Ibadan,Classic,POS,Groceries,5309.34,Successful,1,2026-01
TXN302106,2026-04-09,CUST10313,CARD20130,Lagos,Platinum,Online,Utilities,11125.88,Successful,1,2026-04
TXN302107,2026-04-20,CUST10081,CARD20596,Lagos,Classic,Online,Groceries,8636.51,Successful,1,2026-04
TXN302108,2026-03-15,CUST10418,CARD20276,Lagos,Platinum,Online,Utilities,18245.04,Successful,1,2026-03
TXN302109,2026-06-23,CUST10251,CARD20558,Abuja,Classic,Online,Utilities,7573.65,Successful,1,2026-06
TXN302110,2026-01-09,CUST10169,CARD20183,Abuja,Classic,Online,Dining,9363.27,Successful,1,2026-01
TXN302111,2026-01-03,CUST10073,CARD20268,Lagos,Classic,ATM,Dining,36052.7,Successful,1,2026-01
TXN302112,2026-03-26,CUST10141,CARD20322,Port Harcourt,Classic,Online,Dining,5704.05,Declined,0,2026-03
TXN302113,2026-01-26,CUST10070,CARD20512,Lagos,Gold,POS,Fuel,6450.28,Successful,1,2026-01
TXN302114,2026-03-13,CUST10262,CARD20078,Abuja,Classic,Online,Fuel,21221.94,Successful,1,2026-03
TXN302115,2026-02-17,CUST10340,CARD20339,Abuja,Gold,POS,Utilities,3768.9,Successful,1,2026-02
TXN302116,2026-06-05,CUST10308,CARD20556,Port Harcourt,Gold,Online,Travel,23209.09,Successful,1,2026-06
TXN302117,2026-04-27,CUST10245,CARD20509,Lagos,Gold,Online,Groceries,6704.15,Successful,1,2026-04
TXN302118,2026-06-03,CUST10003,CARD20238,Ibadan,Gold,Online,Dining,4160.37,Successful,1,2026-06
TXN302119,2026-06-02,CUST10337,CARD20134,Port Harcourt,Classic,Online,Groceries,16716.86,Successful,1,2026-06
TXN302120,2026-01-12,CUST10063,CARD20192,Lagos,Gold,POS,Entertainment,6628.27,Successful,1,2026-01
TXN302121,2026-05-13,CUST10049,CARD20356,Lagos,Platinum,POS,Utilities,34871.67,Successful,1,2026-05
TXN302122,2026-02-17,CUST10076,CARD20278,Abuja,Platinum,POS,Retail,8646.64,Successful,1,2026-02
TXN302123,2026-02-06,CUST10368,CARD20018,Ibadan,Platinum,POS,Utilities,8596.49,Successful,1,2026-02
TXN302124,2026-02-13,CUST10175,CARD20524,Ibadan,Classic,POS,Fuel,5070.11,Successful,1,2026-02
TXN302125,2026-01-15,CUST10109,CARD20180,Abuja,Gold,POS,Travel,7205.42,Successful,1,2026-01
TXN302126,2026-02-12,CUST10183,CARD20123,Ibadan,Gold,POS,Retail,6515.15,Successful,1,2026-02
TXN302127,2026-06-25,CUST10192,CARD20246,Lagos,Classic,ATM,Groceries,23508.23,Successful,1,2026-06
TXN302128,2026-03-28,CUST10065,CARD20373,Lagos,Gold,POS,Fuel,10215.71,Reversed,0,2026-03
TXN302129,2026-03-11,CUST10337,CARD20051,Kano,Gold,POS,Dining,14248.98,Successful,1,2026-03
TXN302130,2026-02-15,CUST10271,CARD20071,Port Harcourt,Classic,POS,Retail,8767.42,Successful,1,2026-02
TXN302131,2026-04-18,CUST10100,CARD20480,Abuja,Classic,Online,Fuel,5832.72,Successful,1,2026-04
TXN302132,2026-05-03,CUST10032,CARD20560,Port Harcourt,Gold,POS,Groceries,10902.99,Successful,1,2026-05
TXN302133,2026-06-20,CUST10352,CARD20019,Kano,Classic,Online,Utilities,28928.93,Successful,1,2026-06
TXN302134,2026-01-21,CUST10128,CARD20084,Port Harcourt,Classic,POS,Groceries,3502.69,Successful,1,2026-01
TXN302135,2026-05-31,CUST10402,CARD20155,Ibadan,Classic,Online,Retail,11334.26,Successful,1,2026-05
TXN302136,2026-04-17,CUST10369,CARD20565,Port Harcourt,Classic,Online,Retail,26829.71,Successful,1,2026-04
TXN302137,2026-03-21,CUST10339,CARD20357,Lagos,Platinum,POS,Utilities,4222.5,Successful,1,2026-03
TXN302138,2026-02-16,CUST10043,CARD20443,Ibadan,Classic,POS,Retail,16942.98,Successful,1,2026-02
TXN302139,2026-04-27,CUST10372,CARD20069,Lagos,Gold,POS,Travel,16958.71,Successful,1,2026-04
TXN302140,2026-05-04,CUST10419,CARD20523,Ibadan,Platinum,Online,Dining,2877.21,Successful,1,2026-05
TXN302141,2026-05-23,CUST10078,CARD20143,Abuja,Classic,POS,Fuel,19699.51,Successful,1,2026-05
TXN302142,2026-01-25,CUST10314,CARD20192,Port Harcourt,Classic,Online,Utilities,5037.7,Declined,0,2026-01
TXN302143,2026-02-05,CUST10289,CARD20387,Abuja,Gold,Online,Groceries,10797.61,Successful,1,2026-02
TXN302144,2026-02-20,CUST10270,CARD20378,Lagos,Classic,Online,Groceries,18385.41,Successful,1,2026-02
TXN302145,2026-01-15,CUST10162,CARD20581,Lagos,Classic,POS,Dining,21164.17,Successful,1,2026-01
TXN302146,2026-03-09,CUST10189,CARD20535,Kano,Gold,POS,Retail,2371.6,Successful,1,2026-03
TXN302147,2026-01-21,CUST10247,CARD20293,Kano,Gold,Online,Retail,33890.23,Successful,1,2026-01
TXN302148,2026-05-21,CUST10388,CARD20009,Lagos,Gold,Online,Groceries,25193.53,Successful,1,2026-05
TXN302149,2026-01-19,CUST10216,CARD20271,Kano,Platinum,ATM,Dining,18798.78,Declined,0,2026-01
TXN302150,2026-02-03,CUST10315,CARD20387,Ibadan,Gold,ATM,Groceries,10820.33,Successful,1,2026-02
TXN302151,2026-03-19,CUST10413,CARD20093,Abuja,Gold,Online,Retail,5718.38,Successful,1,2026-03
TXN302152,2026-05-05,CUST10339,CARD20529,Lagos,Platinum,Online,Utilities,3406.55,Successful,1,2026-05
TXN302153,2026-04-27,CUST10390,CARD20154,Kano,Classic,Online,Fuel,2210.4,Successful,1,2026-04
TXN302154,2026-02-21,CUST10377,CARD20405,Abuja,Classic,POS,Retail,13570.16,Reversed,0,2026-02
TXN302155,2026-01-27,CUST10433,CARD20149,Ibadan,Gold,Online,Utilities,18791.21,Successful,1,2026-01
TXN302156,2026-06-06,CUST10168,CARD20267,Ibadan,Gold,POS,Fuel,7572.68,Successful,1,2026-06
TXN302157,2026-06-05,CUST10339,CARD20422,Ibadan,Classic,POS,Entertainment,5603.91,Successful,1,2026-06
TXN302158,2026-02-04,CUST10193,CARD20472,Port Harcourt,Classic,Online,Travel,8569.21,Successful,1,2026-02
TXN302159,2026-05-16,CUST10283,CARD20547,Lagos,Classic,POS,Dining,4854.64,Successful,1,2026-05
TXN302160,2026-05-24,CUST10336,CARD20526,Lagos,Gold,POS,Utilities,8244.39,Successful,1,2026-05
TXN302161,2026-04-16,CUST10390,CARD20503,Lagos,Gold,POS,Travel,4636.84,Successful,1,2026-04
TXN302162,2026-06-13,CUST10013,CARD20014,Lagos,Platinum,Online,Retail,13221.92,Successful,1,2026-06
TXN302163,2026-06-07,CUST10240,CARD20364,Abuja,Gold,Online,Entertainment,21918.7,Successful,1,2026-06
TXN302164,2026-05-26,CUST10320,CARD20119,Port Harcourt,Gold,Online,Dining,12170.92,Declined,0,2026-05
TXN302165,2026-01-02,CUST10446,CARD20238,Ibadan,Classic,POS,Utilities,7597.9,Successful,1,2026-01
TXN302166,2026-06-26,CUST10147,CARD20546,Lagos,Classic,POS,Entertainment,17877.61,Successful,1,2026-06
TXN302167,2026-03-18,CUST10204,CARD20169,Abuja,Classic,POS,Retail,8226.58,Successful,1,2026-03
TXN302168,2026-05-12,CUST10080,CARD20522,Lagos,Gold,POS,Dining,17428.79,Successful,1,2026-05
TXN302169,2026-03-31,CUST10379,CARD20516,Lagos,Classic,Online,Dining,4871.15,Successful,1,2026-03
TXN302170,2026-03-30,CUST10043,CARD20397,Lagos,Gold,POS,Retail,5402.46,Successful,1,2026-03
TXN302171,2026-04-04,CUST10089,CARD20106,Port Harcourt,Gold,POS,Retail,3673.68,Reversed,0,2026-04
TXN302172,2026-01-07,CUST10148,CARD20085,Lagos,Classic,POS,Entertainment,5583.77,Successful,1,2026-01
TXN302173,2026-04-05,CUST10095,CARD20214,Port Harcourt,Platinum,POS,Entertainment,17767.34,Successful,1,2026-04
TXN302174,2026-04-18,CUST10428,CARD20121,Lagos,Gold,POS,Utilities,4034.36,Successful,1,2026-04
TXN302175,2026-03-15,CUST10151,CARD20132,Ibadan,Classic,Online,Dining,1282.22,Declined,0,2026-03
TXN302176,2026-02-08,CUST10002,CARD20197,Ibadan,Classic,Online,Utilities,5816.12,Successful,1,2026-02
TXN302177,2026-05-21,CUST10376,CARD20019,Kano,Gold,Online,Entertainment,3168.51,Successful,1,2026-05
TXN302178,2026-06-08,CUST10022,CARD20012,Ibadan,Classic,Online,Dining,5412.53,Successful,1,2026-06
TXN302179,2026-03-12,CUST10371,CARD20081,Kano,Classic,POS,Utilities,43717.14,Successful,1,2026-03
TXN302180,2026-02-25,CUST10313,CARD20330,Ibadan,Gold,Online,Retail,3979.15,Successful,1,2026-02
TXN302181,2026-06-19,CUST10328,CARD20392,Port Harcourt,Platinum,Online,Retail,13451.25,Successful,1,2026-06
TXN302182,2026-02-11,CUST10007,CARD20307,Lagos,Classic,POS,Groceries,7599.42,Successful,1,2026-02
TXN302183,2026-02-05,CUST10206,CARD20267,Lagos,Platinum,Online,Entertainment,10916.0,Successful,1,2026-02
TXN302184,2026-03-25,CUST10440,CARD20447,Lagos,Gold,ATM,Utilities,5391.57,Successful,1,2026-03
TXN302185,2026-04-28,CUST10375,CARD20441,Abuja,Classic,POS,Groceries,20518.39,Successful,1,2026-04
TXN302186,2026-01-07,CUST10114,CARD20002,Abuja,Gold,Online,Groceries,11401.25,Successful,1,2026-01
TXN302187,2026-02-23,CUST10272,CARD20520,Ibadan,Classic,Online,Travel,11657.54,Successful,1,2026-02
TXN302188,2026-05-09,CUST10083,CARD20309,Kano,Classic,Online,Dining,8770.2,Successful,1,2026-05
TXN302189,2026-06-21,CUST10179,CARD20522,Lagos,Gold,Online,Fuel,22131.76,Successful,1,2026-06
TXN302190,2026-04-30,CUST10210,CARD20469,Abuja,Gold,POS,Travel,12684.31,Declined,0,2026-04
TXN302191,2026-06-22,CUST10328,CARD20212,Kano,Classic,POS,Entertainment,10902.24,Successful,1,2026-06
TXN302192,2026-04-16,CUST10124,CARD20112,Lagos,Platinum,Online,Dining,13658.48,Successful,1,2026-04
TXN302193,2026-02-16,CUST10113,CARD20008,Ibadan,Gold,Online,Fuel,1982.31,Successful,1,2026-02
TXN302194,2026-05-03,CUST10012,CARD20477,Lagos,Platinum,ATM,Groceries,9416.4,Successful,1,2026-05
TXN302195,2026-05-21,CUST10126,CARD20460,Port Harcourt,Classic,POS,Fuel,7698.5,Successful,1,2026-05
TXN302196,2026-04-29,CUST10053,CARD20253,Lagos,Platinum,POS,Retail,20637.55,Successful,1,2026-04
TXN302197,2026-05-30,CUST10331,CARD20526,Ibadan,Classic,POS,Entertainment,4624.75,Successful,1,2026-05
TXN302198,2026-04-28,CUST10389,CARD20438,Abuja,Classic,POS,Retail,9517.47,Successful,1,2026-04
TXN302199,2026-01-21,CUST10283,CARD20236,Lagos,Gold,POS,Utilities,37762.52,Successful,1,2026-01
TXN302200,2026-05-17,CUST10140,CARD20306,Lagos,Gold,POS,Dining,7938.09,Successful,1,2026-05
TXN302201,2026-01-26,CUST10401,CARD20478,Abuja,Gold,POS,Travel,2795.54,Declined,0,2026-01
TXN302202,2026-01-09,CUST10390,CARD20020,Kano,Classic,POS,Entertainment,46126.92,Successful,1,2026-01
TXN302203,2026-01-15,CUST10097,CARD20216,Port Harcourt,Classic,POS,Groceries,4571.34,Successful,1,2026-01
TXN302204,2026-01-10,CUST10005,CARD20135,Abuja,Gold,ATM,Entertainment,3526.91,Reversed,0,2026-01
TXN302205,2026-05-02,CUST10057,CARD20129,Lagos,Classic,Online,Dining,3639.9,Successful,1,2026-05
TXN302206,2026-05-01,CUST10412,CARD20410,Abuja,Gold,POS,Groceries,14503.3,Successful,1,2026-05
TXN302207,2026-05-05,CUST10334,CARD20422,Port Harcourt,Classic,Online,Retail,22884.7,Successful,1,2026-05
TXN302208,2026-06-19,CUST10069,CARD20294,Ibadan,Platinum,Online,Entertainment,33134.24,Successful,1,2026-06
TXN302209,2026-03-13,CUST10118,CARD20246,Lagos,Gold,ATM,Travel,8203.01,Successful,1,2026-03
TXN302210,2026-06-01,CUST10376,CARD20556,Port Harcourt,Gold,POS,Travel,3679.39,Successful,1,2026-06
TXN302211,2026-02-18,CUST10059,CARD20086,Port Harcourt,Platinum,POS,Retail,5136.07,Successful,1,2026-02
TXN302212,2026-06-03,CUST10033,CARD20556,Kano,Gold,ATM,Fuel,8323.74,Successful,1,2026-06
TXN302213,2026-04-01,CUST10318,CARD20375,Kano,Classic,POS,Travel,7966.91,Successful,1,2026-04
TXN302214,2026-02-06,CUST10050,CARD20446,Ibadan,Classic,ATM,Fuel,23078.08,Successful,1,2026-02
TXN302215,2026-03-09,CUST10368,CARD20378,Port Harcourt,Gold,Online,Groceries,2824.0,Successful,1,2026-03
TXN302216,2026-02-19,CUST10019,CARD20390,Lagos,Classic,ATM,Travel,3319.66,Successful,1,2026-02
TXN302217,2026-06-01,CUST10214,CARD20051,Ibadan,Gold,POS,Utilities,6324.28,Successful,1,2026-06
TXN302218,2026-01-19,CUST10197,CARD20242,Abuja,Classic,POS,Retail,10887.42,Successful,1,2026-01
TXN302219,2026-04-10,CUST10379,CARD20294,Lagos,Classic,POS,Entertainment,5686.64,Successful,1,2026-04
TXN302220,2026-03-01,CUST10450,CARD20563,Lagos,Classic,ATM,Fuel,5328.01,Successful,1,2026-03
TXN302221,2026-06-16,CUST10047,CARD20266,Ibadan,Platinum,POS,Utilities,20722.95,Successful,1,2026-06
TXN302222,2026-03-30,CUST10167,CARD20120,Lagos,Gold,Online,Groceries,11820.17,Successful,1,2026-03
TXN302223,2026-05-26,CUST10289,CARD20248,Abuja,Platinum,POS,Groceries,3685.72,Successful,1,2026-05
TXN302224,2026-05-27,CUST10141,CARD20070,Abuja,Platinum,POS,Travel,5389.64,Successful,1,2026-05
TXN302225,2026-06-13,CUST10084,CARD20057,Lagos,Classic,POS,Travel,12252.11,Successful,1,2026-06
TXN302226,2026-03-10,CUST10182,CARD20382,Lagos,Classic,Online,Utilities,2954.79,Successful,1,2026-03
TXN302227,2026-06-24,CUST10391,CARD20039,Ibadan,Gold,Online,Dining,12192.62,Successful,1,2026-06
TXN302228,2026-02-18,CUST10079,CARD20443,Ibadan,Platinum,POS,Dining,6154.64,Successful,1,2026-02
TXN302229,2026-04-18,CUST10215,CARD20018,Lagos,Classic,ATM,Travel,10831.86,Reversed,0,2026-04
TXN302230,2026-06-10,CUST10014,CARD20352,Ibadan,Platinum,Online,Dining,8918.58,Declined,0,2026-06
TXN302231,2026-04-29,CUST10215,CARD20298,Port Harcourt,Classic,Online,Retail,3314.68,Successful,1,2026-04
TXN302232,2026-05-29,CUST10403,CARD20283,Lagos,Classic,Online,Utilities,4869.29,Successful,1,2026-05
TXN302233,2026-05-30,CUST10128,CARD20586,Port Harcourt,Gold,POS,Retail,25794.61,Successful,1,2026-05
TXN302234,2026-06-25,CUST10310,CARD20110,Kano,Classic,POS,Dining,54017.18,Successful,1,2026-06
TXN302235,2026-02-06,CUST10248,CARD20180,Abuja,Classic,Online,Travel,2002.61,Successful,1,2026-02
TXN302236,2026-05-23,CUST10404,CARD20544,Lagos,Classic,POS,Retail,18666.74,Successful,1,2026-05
TXN302237,2026-06-12,CUST10029,CARD20025,Kano,Classic,POS,Groceries,10264.98,Successful,1,2026-06
TXN302238,2026-06-09,CUST10280,CARD20057,Abuja,Gold,POS,Entertainment,42865.67,Successful,1,2026-06
TXN302239,2026-01-11,CUST10338,CARD20180,Lagos,Platinum,Online,Travel,5183.27,Successful,1,2026-01
TXN302240,2026-05-18,CUST10319,CARD20232,Abuja,Platinum,POS,Utilities,16624.4,Declined,0,2026-05
TXN302241,2026-03-19,CUST10202,CARD20343,Abuja,Gold,Online,Fuel,6360.65,Successful,1,2026-03
TXN302242,2026-03-18,CUST10361,CARD20477,Ibadan,Classic,POS,Fuel,22586.84,Successful,1,2026-03
TXN302243,2026-06-02,CUST10057,CARD20576,Abuja,Classic,ATM,Travel,51484.2,Successful,1,2026-06
TXN302244,2026-01-02,CUST10392,CARD20455,Lagos,Classic,POS,Dining,9608.97,Successful,1,2026-01
TXN302245,2026-03-05,CUST10218,CARD20232,Port Harcourt,Classic,Online,Retail,3257.87,Successful,1,2026-03
TXN302246,2026-02-04,CUST10062,CARD20289,Abuja,Classic,Online,Retail,25111.93,Successful,1,2026-02
TXN302247,2026-01-07,CUST10157,CARD20213,Lagos,Gold,Online,Travel,12738.52,Successful,1,2026-01
TXN302248,2026-03-26,CUST10202,CARD20258,Abuja,Platinum,POS,Groceries,10964.59,Successful,1,2026-03
TXN302249,2026-05-26,CUST10017,CARD20530,Ibadan,Classic,Online,Utilities,28755.69,Successful,1,2026-05
TXN302250,2026-03-08,CUST10322,CARD20229,Lagos,Gold,POS,Dining,3261.33,Successful,1,2026-03
TXN302251,2026-02-11,CUST10006,CARD20226,Port Harcourt,Classic,POS,Groceries,4569.02,Successful,1,2026-02
TXN302252,2026-04-28,CUST10058,CARD20596,Lagos,Gold,Online,Travel,13035.25,Successful,1,2026-04
TXN302253,2026-05-05,CUST10325,CARD20435,Lagos,Gold,Online,Travel,4488.25,Successful,1,2026-05
TXN302254,2026-06-16,CUST10412,CARD20402,Lagos,Classic,Online,Groceries,6293.0,Successful,1,2026-06
TXN302255,2026-06-18,CUST10318,CARD20088,Lagos,Classic,ATM,Fuel,22467.25,Successful,1,2026-06
TXN302256,2026-01-24,CUST10169,CARD20584,Ibadan,Platinum,POS,Travel,11457.08,Successful,1,2026-01
TXN302257,2026-02-15,CUST10082,CARD20542,Lagos,Gold,ATM,Utilities,3155.61,Successful,1,2026-02
TXN302258,2026-01-19,CUST10425,CARD20309,Port Harcourt,Platinum,POS,Entertainment,11230.95,Successful,1,2026-01
TXN302259,2026-03-09,CUST10433,CARD20343,Lagos,Gold,Online,Dining,21834.76,Successful,1,2026-03
TXN302260,2026-04-12,CUST10219,CARD20436,Kano,Platinum,Online,Groceries,9294.99,Successful,1,2026-04
TXN302261,2026-02-11,CUST10177,CARD20177,Port Harcourt,Classic,Online,Fuel,16275.87,Successful,1,2026-02
TXN302262,2026-02-01,CUST10204,CARD20139,Port Harcourt,Classic,POS,Groceries,5358.25,Successful,1,2026-02
TXN302263,2026-06-16,CUST10071,CARD20194,Lagos,Classic,Online,Fuel,9975.65,Successful,1,2026-06
TXN302264,2026-04-19,CUST10387,CARD20186,Lagos,Classic,POS,Fuel,2295.23,Successful,1,2026-04
TXN302265,2026-02-05,CUST10266,CARD20218,Lagos,Classic,POS,Utilities,13410.4,Successful,1,2026-02
TXN302266,2026-04-07,CUST10098,CARD20164,Kano,Gold,POS,Dining,10808.68,Successful,1,2026-04
TXN302267,2026-06-13,CUST10345,CARD20161,Abuja,Gold,Online,Travel,2886.46,Successful,1,2026-06
TXN302268,2026-05-11,CUST10291,CARD20525,Port Harcourt,Classic,POS,Fuel,27356.34,Successful,1,2026-05
TXN302269,2026-03-14,CUST10208,CARD20042,Port Harcourt,Platinum,POS,Travel,12796.25,Successful,1,2026-03
TXN302270,2026-05-16,CUST10002,CARD20210,Lagos,Classic,POS,Dining,4655.76,Successful,1,2026-05
TXN302271,2026-04-07,CUST10124,CARD20275,Port Harcourt,Classic,POS,Travel,13696.59,Successful,1,2026-04
TXN302272,2026-05-03,CUST10280,CARD20279,Port Harcourt,Gold,Online,Utilities,3686.57,Successful,1,2026-05
TXN302273,2026-03-11,CUST10074,CARD20251,Port Harcourt,Gold,ATM,Utilities,4117.86,Declined,0,2026-03
TXN302274,2026-06-18,CUST10166,CARD20310,Abuja,Classic,POS,Retail,3701.95,Successful,1,2026-06
TXN302275,2026-01-13,CUST10022,CARD20140,Lagos,Classic,Online,Utilities,3617.43,Successful,1,2026-01
TXN302276,2026-02-18,CUST10154,CARD20546,Lagos,Gold,Online,Fuel,11499.86,Successful,1,2026-02
TXN302277,2026-03-01,CUST10427,CARD20530,Ibadan,Classic,Online,Dining,8739.6,Successful,1,2026-03
TXN302278,2026-05-10,CUST10439,CARD20057,Abuja,Classic,Online,Utilities,14743.79,Reversed,0,2026-05
TXN302279,2026-01-05,CUST10295,CARD20112,Abuja,Gold,POS,Groceries,849.16,Successful,1,2026-01
TXN302280,2026-06-21,CUST10219,CARD20005,Kano,Classic,Online,Dining,5924.01,Successful,1,2026-06
TXN302281,2026-01-27,CUST10157,CARD20410,Lagos,Classic,POS,Fuel,5991.37,Successful,1,2026-01
TXN302282,2026-06-09,CUST10230,CARD20414,Ibadan,Classic,POS,Dining,8451.57,Successful,1,2026-06
TXN302283,2026-05-29,CUST10020,CARD20182,Kano,Platinum,Online,Utilities,8278.5,Successful,1,2026-05
TXN302284,2026-01-08,CUST10041,CARD20013,Ibadan,Platinum,Online,Groceries,9725.13,Declined,0,2026-01
TXN302285,2026-02-19,CUST10438,CARD20339,Ibadan,Classic,POS,Retail,8699.77,Successful,1,2026-02
TXN302286,2026-03-08,CUST10148,CARD20259,Lagos,Classic,POS,Fuel,5613.68,Successful,1,2026-03
TXN302287,2026-02-13,CUST10108,CARD20090,Lagos,Classic,Online,Entertainment,5886.18,Successful,1,2026-02
TXN302288,2026-05-05,CUST10403,CARD20250,Port Harcourt,Classic,Online,Fuel,7767.82,Declined,0,2026-05
TXN302289,2026-02-27,CUST10084,CARD20255,Lagos,Classic,Online,Dining,12133.37,Successful,1,2026-02
TXN302290,2026-01-03,CUST10367,CARD20588,Lagos,Gold,POS,Entertainment,8673.94,Successful,1,2026-01
TXN302291,2026-03-27,CUST10322,CARD20108,Ibadan,Classic,Online,Entertainment,4323.64,Successful,1,2026-03
TXN302292,2026-03-11,CUST10414,CARD20594,Lagos,Classic,POS,Travel,4144.34,Successful,1,2026-03
TXN302293,2026-05-10,CUST10309,CARD20589,Kano,Classic,POS,Entertainment,12184.46,Successful,1,2026-05
TXN302294,2026-06-21,CUST10290,CARD20485,Ibadan,Classic,POS,Travel,14852.36,Successful,1,2026-06
TXN302295,2026-01-02,CUST10406,CARD20258,Ibadan,Classic,Online,Entertainment,19087.93,Successful,1,2026-01
TXN302296,2026-04-12,CUST10323,CARD20282,Port Harcourt,Classic,Online,Groceries,5471.23,Successful,1,2026-04
TXN302297,2026-02-04,CUST10134,CARD20088,Ibadan,Gold,ATM,Retail,1804.16,Successful,1,2026-02
TXN302298,2026-04-08,CUST10207,CARD20204,Ibadan,Gold,Online,Retail,10996.32,Successful,1,2026-04
TXN302299,2026-01-30,CUST10283,CARD20016,Abuja,Classic,POS,Entertainment,4571.03,Declined,0,2026-01
TXN302300,2026-04-26,CUST10266,CARD20151,Lagos,Gold,POS,Dining,7459.95,Successful,1,2026-04
TXN302301,2026-01-08,CUST10073,CARD20254,Ibadan,Classic,POS,Dining,9123.27,Successful,1,2026-01
TXN302302,2026-05-30,CUST10352,CARD20188,Ibadan,Classic,Online,Travel,12618.51,Successful,1,2026-05
TXN302303,2026-02-13,CUST10048,CARD20329,Abuja,Gold,Online,Utilities,16556.91,Reversed,0,2026-02
TXN302304,2026-02-05,CUST10326,CARD20544,Lagos,Classic,ATM,Retail,20654.9,Successful,1,2026-02
TXN302305,2026-03-18,CUST10233,CARD20397,Port Harcourt,Gold,Online,Utilities,23282.44,Successful,1,2026-03
TXN302306,2026-01-31,CUST10443,CARD20517,Lagos,Gold,Online,Retail,8806.43,Successful,1,2026-01
TXN302307,2026-02-16,CUST10100,CARD20459,Kano,Platinum,Online,Utilities,2098.73,Successful,1,2026-02
TXN302308,2026-02-24,CUST10059,CARD20330,Kano,Platinum,Online,Utilities,4975.93,Successful,1,2026-02
TXN302309,2026-04-16,CUST10258,CARD20169,Lagos,Classic,Online,Retail,24996.74,Reversed,0,2026-04
TXN302310,2026-06-07,CUST10413,CARD20366,Port Harcourt,Platinum,Online,Groceries,9127.14,Successful,1,2026-06
TXN302311,2026-05-01,CUST10065,CARD20178,Lagos,Gold,Online,Groceries,46290.85,Successful,1,2026-05
TXN302312,2026-02-24,CUST10083,CARD20362,Port Harcourt,Gold,Online,Dining,5983.8,Successful,1,2026-02
TXN302313,2026-05-24,CUST10154,CARD20040,Lagos,Classic,POS,Utilities,51549.12,Successful,1,2026-05
TXN302314,2026-01-12,CUST10266,CARD20416,Port Harcourt,Platinum,POS,Utilities,8093.31,Successful,1,2026-01
TXN302315,2026-05-25,CUST10309,CARD20355,Lagos,Classic,POS,Utilities,5791.79,Successful,1,2026-05
TXN302316,2026-05-24,CUST10079,CARD20255,Lagos,Gold,POS,Utilities,4585.56,Successful,1,2026-05
TXN302317,2026-05-20,CUST10315,CARD20143,Lagos,Classic,Online,Utilities,13737.48,Successful,1,2026-05
TXN302318,2026-05-16,CUST10150,CARD20577,Lagos,Gold,POS,Travel,2616.41,Successful,1,2026-05
TXN302319,2026-01-03,CUST10435,CARD20011,Abuja,Classic,POS,Fuel,5219.7,Successful,1,2026-01
TXN302320,2026-05-24,CUST10048,CARD20026,Lagos,Classic,POS,Utilities,7769.29,Successful,1,2026-05
TXN302321,2026-01-30,CUST10405,CARD20421,Abuja,Classic,Online,Travel,1331.06,Successful,1,2026-01
TXN302322,2026-01-23,CUST10379,CARD20221,Ibadan,Classic,POS,Groceries,7495.45,Successful,1,2026-01
TXN302323,2026-04-02,CUST10248,CARD20496,Ibadan,Classic,POS,Utilities,32093.13,Successful,1,2026-04
TXN302324,2026-04-25,CUST10278,CARD20237,Ibadan,Classic,POS,Groceries,11447.93,Reversed,0,2026-04
TXN302325,2026-04-14,CUST10356,CARD20237,Kano,Gold,POS,Dining,4786.54,Successful,1,2026-04
TXN302326,2026-04-28,CUST10098,CARD20219,Lagos,Gold,Online,Fuel,5528.65,Successful,1,2026-04
TXN302327,2026-01-05,CUST10414,CARD20487,Lagos,Gold,POS,Retail,10611.74,Successful,1,2026-01
TXN302328,2026-04-14,CUST10025,CARD20461,Abuja,Classic,Online,Fuel,5385.16,Successful,1,2026-04
TXN302329,2026-04-18,CUST10284,CARD20144,Ibadan,Classic,Online,Utilities,11788.12,Successful,1,2026-04
TXN302330,2026-03-06,CUST10449,CARD20189,Kano,Classic,ATM,Utilities,5264.91,Successful,1,2026-03
TXN302331,2026-05-01,CUST10369,CARD20255,Lagos,Platinum,POS,Fuel,3570.87,Successful,1,2026-05
TXN302332,2026-01-30,CUST10301,CARD20068,Lagos,Platinum,POS,Fuel,20840.14,Successful,1,2026-01
TXN302333,2026-05-29,CUST10068,CARD20336,Lagos,Classic,POS,Dining,14288.81,Successful,1,2026-05
TXN302334,2026-03-25,CUST10007,CARD20409,Port Harcourt,Classic,POS,Entertainment,1788.72,Successful,1,2026-03
TXN302335,2026-05-30,CUST10305,CARD20300,Port Harcourt,Platinum,Online,Groceries,6188.91,Successful,1,2026-05
TXN302336,2026-02-01,CUST10137,CARD20357,Lagos,Platinum,POS,Retail,18663.99,Successful,1,2026-02
TXN302337,2026-06-10,CUST10164,CARD20256,Abuja,Platinum,POS,Entertainment,7094.59,Successful,1,2026-06
TXN302338,2026-01-16,CUST10083,CARD20353,Port Harcourt,Gold,Online,Fuel,5092.69,Successful,1,2026-01
TXN302339,2026-02-07,CUST10385,CARD20521,Port Harcourt,Classic,Online,Retail,6620.76,Successful,1,2026-02
TXN302340,2026-05-22,CUST10138,CARD20524,Lagos,Classic,POS,Fuel,8854.97,Successful,1,2026-05
TXN302341,2026-02-05,CUST10420,CARD20284,Ibadan,Classic,POS,Groceries,7018.41,Successful,1,2026-02
TXN302342,2026-05-31,CUST10073,CARD20312,Abuja,Classic,POS,Retail,7584.47,Successful,1,2026-05
TXN302343,2026-04-24,CUST10237,CARD20099,Ibadan,Classic,ATM,Entertainment,7187.14,Successful,1,2026-04
TXN302344,2026-03-07,CUST10046,CARD20197,Ibadan,Classic,Online,Travel,3718.61,Successful,1,2026-03
TXN302345,2026-04-15,CUST10106,CARD20482,Lagos,Classic,Online,Groceries,3568.4,Successful,1,2026-04
TXN302346,2026-03-26,CUST10416,CARD20226,Lagos,Classic,ATM,Entertainment,3388.14,Successful,1,2026-03
TXN302347,2026-01-02,CUST10288,CARD20365,Port Harcourt,Classic,Online,Retail,8718.47,Successful,1,2026-01
TXN302348,2026-03-16,CUST10262,CARD20368,Lagos,Classic,POS,Fuel,12915.87,Successful,1,2026-03
TXN302349,2026-03-08,CUST10176,CARD20570,Ibadan,Classic,POS,Entertainment,3816.0,Successful,1,2026-03
TXN302350,2026-06-29,CUST10166,CARD20590,Port Harcourt,Gold,Online,Fuel,2440.37,Successful,1,2026-06
TXN302351,2026-05-31,CUST10145,CARD20075,Ibadan,Gold,Online,Groceries,4035.74,Successful,1,2026-05
TXN302352,2026-06-03,CUST10330,CARD20042,Lagos,Classic,POS,Groceries,24882.57,Successful,1,2026-06
TXN302353,2026-02-24,CUST10370,CARD20422,Lagos,Classic,Online,Entertainment,6307.61,Successful,1,2026-02
TXN302354,2026-01-06,CUST10283,CARD20181,Port Harcourt,Classic,ATM,Fuel,6827.62,Successful,1,2026-01
TXN302355,2026-06-12,CUST10054,CARD20545,Lagos,Gold,POS,Retail,4280.52,Successful,1,2026-06
TXN302356,2026-05-30,CUST10178,CARD20071,Port Harcourt,Classic,Online,Entertainment,12802.1,Successful,1,2026-05
TXN302357,2026-06-20,CUST10419,CARD20568,Ibadan,Classic,POS,Travel,7341.74,Successful,1,2026-06
TXN302358,2026-05-23,CUST10244,CARD20105,Lagos,Platinum,Online,Dining,4530.96,Successful,1,2026-05
TXN302359,2026-03-27,CUST10341,CARD20200,Port Harcourt,Classic,POS,Groceries,3552.02,Successful,1,2026-03
TXN302360,2026-03-01,CUST10127,CARD20101,Lagos,Classic,Online,Fuel,10962.97,Successful,1,2026-03
TXN302361,2026-04-11,CUST10409,CARD20307,Lagos,Classic,Online,Retail,10008.48,Reversed,0,2026-04
TXN302362,2026-01-12,CUST10412,CARD20586,Kano,Classic,POS,Groceries,3009.04,Declined,0,2026-01
TXN302363,2026-02-18,CUST10367,CARD20377,Kano,Classic,Online,Retail,21631.5,Successful,1,2026-02
TXN302364,2026-02-11,CUST10271,CARD20399,Abuja,Platinum,Online,Groceries,4848.81,Declined,0,2026-02
TXN302365,2026-06-15,CUST10132,CARD20221,Kano,Classic,Online,Fuel,1366.76,Declined,0,2026-06
TXN302366,2026-03-23,CUST10093,CARD20595,Abuja,Gold,POS,Retail,27526.58,Successful,1,2026-03
TXN302367,2026-06-22,CUST10379,CARD20182,Lagos,Classic,ATM,Fuel,7464.89,Reversed,0,2026-06
TXN302368,2026-02-04,CUST10073,CARD20307,Lagos,Classic,POS,Retail,11470.99,Successful,1,2026-02
TXN302369,2026-06-07,CUST10411,CARD20522,Kano,Classic,POS,Groceries,30878.92,Successful,1,2026-06
TXN302370,2026-06-07,CUST10410,CARD20396,Lagos,Classic,POS,Dining,3633.32,Successful,1,2026-06
TXN302371,2026-05-14,CUST10403,CARD20004,Abuja,Classic,POS,Dining,11890.18,Successful,1,2026-05
TXN302372,2026-03-08,CUST10248,CARD20281,Abuja,Classic,ATM,Entertainment,20749.19,Successful,1,2026-03
TXN302373,2026-03-21,CUST10348,CARD20215,Port Harcourt,Platinum,POS,Travel,3836.79,Successful,1,2026-03
TXN302374,2026-01-07,CUST10273,CARD20420,Abuja,Classic,POS,Travel,26069.61,Successful,1,2026-01
TXN302375,2026-06-29,CUST10043,CARD20101,Lagos,Classic,Online,Entertainment,2624.57,Successful,1,2026-06
TXN302376,2026-01-14,CUST10377,CARD20521,Lagos,Classic,Online,Entertainment,7507.88,Successful,1,2026-01
TXN302377,2026-03-14,CUST10041,CARD20573,Port Harcourt,Classic,Online,Utilities,3427.99,Successful,1,2026-03
TXN302378,2026-05-23,CUST10170,CARD20309,Port Harcourt,Classic,POS,Fuel,14138.75,Successful,1,2026-05
TXN302379,2026-05-29,CUST10434,CARD20510,Abuja,Classic,Online,Retail,3743.16,Successful,1,2026-05
TXN302380,2026-06-12,CUST10212,CARD20063,Port Harcourt,Classic,POS,Travel,4945.1,Successful,1,2026-06
TXN302381,2026-03-07,CUST10168,CARD20226,Lagos,Classic,ATM,Groceries,4011.13,Successful,1,2026-03
TXN302382,2026-04-01,CUST10039,CARD20105,Ibadan,Gold,Online,Entertainment,3097.81,Successful,1,2026-04
TXN302383,2026-05-10,CUST10369,CARD20425,Abuja,Classic,Online,Dining,4387.12,Successful,1,2026-05
TXN302384,2026-06-12,CUST10245,CARD20255,Lagos,Classic,POS,Retail,7814.49,Successful,1,2026-06
TXN302385,2026-01-20,CUST10151,CARD20429,Abuja,Gold,POS,Utilities,7478.8,Reversed,0,2026-01
TXN302386,2026-01-10,CUST10111,CARD20434,Ibadan,Platinum,POS,Dining,6814.59,Successful,1,2026-01
TXN302387,2026-01-25,CUST10436,CARD20207,Ibadan,Gold,POS,Entertainment,4754.11,Successful,1,2026-01
TXN302388,2026-01-25,CUST10047,CARD20028,Lagos,Classic,POS,Retail,6094.69,Successful,1,2026-01
TXN302389,2026-02-23,CUST10063,CARD20336,Port Harcourt,Gold,Online,Entertainment,2279.09,Successful,1,2026-02
TXN302390,2026-02-02,CUST10225,CARD20588,Lagos,Gold,POS,Travel,4632.31,Successful,1,2026-02
TXN302391,2026-06-13,CUST10366,CARD20069,Lagos,Classic,Online,Travel,6785.82,Successful,1,2026-06
TXN302392,2026-04-05,CUST10069,CARD20513,Abuja,Platinum,POS,Fuel,10254.64,Successful,1,2026-04
TXN302393,2026-01-14,CUST10299,CARD20167,Port Harcourt,Classic,POS,Utilities,9300.38,Successful,1,2026-01
TXN302394,2026-03-06,CUST10432,CARD20368,Ibadan,Platinum,Online,Retail,3033.94,Successful,1,2026-03
TXN302395,2026-04-20,CUST10290,CARD20251,Lagos,Gold,Online,Utilities,11409.82,Successful,1,2026-04
TXN302396,2026-03-21,CUST10296,CARD20170,Lagos,Gold,POS,Groceries,8935.61,Successful,1,2026-03
TXN302397,2026-02-23,CUST10203,CARD20090,Abuja,Gold,POS,Utilities,25645.76,Declined,0,2026-02
TXN302398,2026-05-05,CUST10061,CARD20561,Lagos,Classic,Online,Entertainment,2451.56,Successful,1,2026-05
TXN302399,2026-06-29,CUST10434,CARD20446,Lagos,Classic,POS,Entertainment,7264.96,Successful,1,2026-06
TXN302400,2026-05-11,CUST10318,CARD20294,Lagos,Platinum,POS,Travel,18491.11,Successful,1,2026-05
TXN302401,2026-06-18,CUST10314,CARD20150,Abuja,Gold,Online,Fuel,6392.36,Successful,1,2026-06
TXN302402,2026-05-14,CUST10161,CARD20132,Lagos,Platinum,POS,Entertainment,3901.96,Successful,1,2026-05
TXN302403,2026-01-25,CUST10331,CARD20433,Abuja,Platinum,POS,Travel,4218.15,Successful,1,2026-01
TXN302404,2026-05-21,CUST10016,CARD20059,Lagos,Platinum,ATM,Dining,15181.49,Successful,1,2026-05
TXN302405,2026-04-27,CUST10338,CARD20199,Lagos,Gold,Online,Travel,2348.49,Successful,1,2026-04
TXN302406,2026-05-16,CUST10094,CARD20215,Port Harcourt,Classic,POS,Retail,6206.89,Successful,1,2026-05
TXN302407,2026-05-29,CUST10304,CARD20561,Lagos,Classic,Online,Fuel,4020.43,Successful,1,2026-05
TXN302408,2026-01-25,CUST10138,CARD20472,Port Harcourt,Gold,POS,Entertainment,4269.5,Successful,1,2026-01
TXN302409,2026-03-20,CUST10338,CARD20247,Lagos,Classic,Online,Retail,11536.61,Successful,1,2026-03
TXN302410,2026-03-09,CUST10038,CARD20382,Lagos,Classic,Online,Groceries,5906.25,Successful,1,2026-03
TXN302411,2026-06-22,CUST10127,CARD20239,Lagos,Classic,POS,Groceries,9763.71,Successful,1,2026-06
TXN302412,2026-01-12,CUST10275,CARD20367,Lagos,Platinum,POS,Travel,3000.08,Successful,1,2026-01
TXN302413,2026-02-01,CUST10164,CARD20168,Abuja,Platinum,POS,Fuel,15739.34,Successful,1,2026-02
TXN302414,2026-05-08,CUST10443,CARD20560,Kano,Gold,Online,Utilities,9605.96,Successful,1,2026-05
TXN302415,2026-04-06,CUST10319,CARD20051,Lagos,Classic,Online,Fuel,21816.16,Successful,1,2026-04
TXN302416,2026-04-02,CUST10077,CARD20380,Abuja,Gold,POS,Fuel,5851.42,Successful,1,2026-04
TXN302417,2026-05-21,CUST10174,CARD20474,Port Harcourt,Gold,POS,Fuel,11610.33,Successful,1,2026-05
TXN302418,2026-01-31,CUST10387,CARD20080,Abuja,Classic,POS,Travel,15164.58,Successful,1,2026-01
TXN302419,2026-03-19,CUST10358,CARD20367,Ibadan,Classic,POS,Retail,11429.08,Successful,1,2026-03
TXN302420,2026-01-20,CUST10321,CARD20461,Lagos,Classic,POS,Travel,31515.39,Successful,1,2026-01
TXN302421,2026-05-26,CUST10376,CARD20539,Kano,Gold,Online,Utilities,2141.85,Reversed,0,2026-05
TXN302422,2026-03-01,CUST10091,CARD20452,Lagos,Gold,Online,Retail,9318.16,Successful,1,2026-03
TXN302423,2026-05-14,CUST10238,CARD20464,Lagos,Classic,ATM,Utilities,5856.55,Successful,1,2026-05
TXN302424,2026-06-09,CUST10264,CARD20478,Ibadan,Platinum,ATM,Dining,5529.47,Successful,1,2026-06
TXN302425,2026-04-03,CUST10179,CARD20420,Abuja,Classic,Online,Dining,26764.39,Successful,1,2026-04
TXN302426,2026-02-12,CUST10209,CARD20214,Abuja,Classic,Online,Entertainment,4933.63,Successful,1,2026-02
TXN302427,2026-05-10,CUST10073,CARD20369,Port Harcourt,Classic,ATM,Entertainment,16030.7,Successful,1,2026-05
TXN302428,2026-03-01,CUST10390,CARD20114,Abuja,Classic,POS,Retail,3486.78,Successful,1,2026-03
TXN302429,2026-05-31,CUST10107,CARD20503,Lagos,Classic,POS,Travel,18317.47,Successful,1,2026-05
TXN302430,2026-01-31,CUST10345,CARD20588,Port Harcourt,Classic,POS,Utilities,7958.84,Successful,1,2026-01
TXN302431,2026-01-05,CUST10295,CARD20311,Lagos,Classic,Online,Utilities,6462.63,Successful,1,2026-01
TXN302432,2026-06-11,CUST10369,CARD20469,Ibadan,Classic,Online,Entertainment,2369.88,Successful,1,2026-06
TXN302433,2026-01-10,CUST10444,CARD20044,Kano,Gold,POS,Entertainment,6473.38,Successful,1,2026-01
TXN302434,2026-03-30,CUST10284,CARD20415,Lagos,Classic,Online,Groceries,4677.87,Successful,1,2026-03
TXN302435,2026-05-10,CUST10353,CARD20246,Abuja,Classic,Online,Utilities,32798.24,Successful,1,2026-05
TXN302436,2026-05-06,CUST10182,CARD20084,Lagos,Gold,POS,Travel,8445.02,Successful,1,2026-05
TXN302437,2026-01-11,CUST10037,CARD20207,Lagos,Classic,POS,Groceries,5028.13,Successful,1,2026-01
TXN302438,2026-06-27,CUST10137,CARD20151,Kano,Gold,POS,Travel,4860.63,Successful,1,2026-06
TXN302439,2026-06-08,CUST10338,CARD20528,Lagos,Platinum,POS,Fuel,2730.07,Successful,1,2026-06
TXN302440,2026-02-25,CUST10056,CARD20165,Abuja,Classic,Online,Utilities,27386.99,Successful,1,2026-02
TXN302441,2026-03-24,CUST10187,CARD20145,Ibadan,Platinum,Online,Fuel,22137.39,Declined,0,2026-03
TXN302442,2026-05-17,CUST10341,CARD20037,Ibadan,Gold,Online,Dining,7680.69,Successful,1,2026-05
TXN302443,2026-04-09,CUST10258,CARD20333,Abuja,Platinum,Online,Dining,46326.82,Successful,1,2026-04
TXN302444,2026-05-29,CUST10445,CARD20403,Abuja,Gold,Online,Retail,8018.6,Successful,1,2026-05
TXN302445,2026-03-14,CUST10058,CARD20414,Port Harcourt,Classic,Online,Utilities,19480.06,Successful,1,2026-03
TXN302446,2026-06-05,CUST10363,CARD20045,Kano,Platinum,Online,Entertainment,12745.44,Successful,1,2026-06
TXN302447,2026-04-25,CUST10123,CARD20402,Abuja,Classic,Online,Groceries,5117.4,Successful,1,2026-04
TXN302448,2026-01-07,CUST10188,CARD20206,Abuja,Classic,Online,Fuel,9375.8,Successful,1,2026-01
TXN302449,2026-03-21,CUST10230,CARD20062,Lagos,Classic,POS,Travel,10918.12,Successful,1,2026-03
TXN302450,2026-05-24,CUST10168,CARD20420,Lagos,Classic,Online,Utilities,2854.31,Successful,1,2026-05
TXN302451,2026-04-07,CUST10420,CARD20468,Abuja,Classic,POS,Retail,10202.42,Successful,1,2026-04
TXN302452,2026-01-04,CUST10114,CARD20019,Kano,Gold,Online,Travel,20186.22,Successful,1,2026-01
TXN302453,2026-01-04,CUST10252,CARD20365,Ibadan,Platinum,POS,Fuel,4660.02,Successful,1,2026-01
TXN302454,2026-04-13,CUST10107,CARD20300,Kano,Classic,POS,Utilities,6847.66,Successful,1,2026-04
TXN302455,2026-02-09,CUST10037,CARD20007,Abuja,Platinum,ATM,Entertainment,3335.3,Successful,1,2026-02
TXN302456,2026-01-17,CUST10335,CARD20428,Ibadan,Platinum,POS,Fuel,5506.93,Successful,1,2026-01
TXN302457,2026-04-11,CUST10092,CARD20117,Ibadan,Classic,POS,Utilities,5859.6,Successful,1,2026-04
TXN302458,2026-04-13,CUST10018,CARD20580,Port Harcourt,Classic,POS,Utilities,28639.15,Successful,1,2026-04
TXN302459,2026-05-04,CUST10354,CARD20507,Lagos,Gold,Online,Fuel,6287.06,Successful,1,2026-05
TXN302460,2026-02-21,CUST10063,CARD20546,Abuja,Gold,Online,Fuel,5301.49,Successful,1,2026-02
TXN302461,2026-02-21,CUST10150,CARD20325,Ibadan,Gold,Online,Travel,7516.34,Successful,1,2026-02
TXN302462,2026-06-13,CUST10139,CARD20055,Lagos,Gold,Online,Retail,2067.0,Successful,1,2026-06
TXN302463,2026-05-04,CUST10186,CARD20042,Kano,Classic,POS,Fuel,1227.86,Successful,1,2026-05
TXN302464,2026-06-15,CUST10185,CARD20297,Lagos,Classic,POS,Dining,2681.97,Successful,1,2026-06
TXN302465,2026-06-27,CUST10205,CARD20231,Port Harcourt,Gold,POS,Retail,10501.59,Successful,1,2026-06
TXN302466,2026-03-04,CUST10260,CARD20453,Port Harcourt,Classic,Online,Dining,8085.75,Successful,1,2026-03
TXN302467,2026-04-26,CUST10214,CARD20394,Port Harcourt,Gold,Online,Travel,16240.84,Successful,1,2026-04
TXN302468,2026-03-03,CUST10256,CARD20522,Abuja,Gold,POS,Fuel,2401.15,Successful,1,2026-03
TXN302469,2026-01-07,CUST10135,CARD20358,Kano,Gold,POS,Retail,6882.58,Successful,1,2026-01
TXN302470,2026-06-04,CUST10061,CARD20444,Port Harcourt,Platinum,POS,Entertainment,2267.75,Successful,1,2026-06
TXN302471,2026-04-02,CUST10363,CARD20128,Lagos,Classic,Online,Fuel,10035.22,Successful,1,2026-04
TXN302472,2026-01-14,CUST10310,CARD20405,Port Harcourt,Gold,POS,Utilities,2691.04,Successful,1,2026-01
TXN302473,2026-03-27,CUST10088,CARD20392,Lagos,Gold,POS,Fuel,6669.53,Successful,1,2026-03
TXN302474,2026-05-13,CUST10324,CARD20193,Lagos,Platinum,POS,Entertainment,9557.84,Successful,1,2026-05
TXN302475,2026-05-10,CUST10207,CARD20078,Lagos,Gold,Online,Retail,5925.62,Successful,1,2026-05
TXN302476,2026-03-03,CUST10129,CARD20085,Ibadan,Classic,Online,Fuel,1326.69,Successful,1,2026-03
TXN302477,2026-05-29,CUST10311,CARD20030,Abuja,Platinum,POS,Fuel,30634.01,Successful,1,2026-05
TXN302478,2026-03-20,CUST10003,CARD20049,Port Harcourt,Gold,Online,Groceries,5443.07,Successful,1,2026-03
TXN302479,2026-05-29,CUST10422,CARD20145,Lagos,Classic,Online,Groceries,2235.89,Successful,1,2026-05
TXN302480,2026-05-18,CUST10242,CARD20069,Lagos,Gold,ATM,Retail,14897.62,Successful,1,2026-05
TXN302481,2026-02-27,CUST10121,CARD20058,Kano,Platinum,POS,Retail,15349.77,Reversed,0,2026-02
TXN302482,2026-04-30,CUST10385,CARD20574,Abuja,Gold,Online,Utilities,6363.0,Successful,1,2026-04
TXN302483,2026-06-16,CUST10102,CARD20479,Kano,Classic,Online,Utilities,27694.76,Successful,1,2026-06
TXN302484,2026-05-13,CUST10038,CARD20445,Lagos,Gold,POS,Fuel,4480.29,Successful,1,2026-05
TXN302485,2026-03-06,CUST10341,CARD20296,Lagos,Gold,Online,Dining,9325.6,Successful,1,2026-03
TXN302486,2026-01-13,CUST10413,CARD20171,Ibadan,Classic,POS,Retail,12193.29,Successful,1,2026-01
TXN302487,2026-06-30,CUST10133,CARD20575,Port Harcourt,Classic,POS,Entertainment,27206.16,Successful,1,2026-06
TXN302488,2026-03-23,CUST10202,CARD20147,Lagos,Classic,POS,Fuel,1711.89,Successful,1,2026-03
TXN302489,2026-06-22,CUST10348,CARD20484,Lagos,Gold,POS,Dining,50688.0,Successful,1,2026-06
TXN302490,2026-06-09,CUST10021,CARD20306,Ibadan,Gold,POS,Groceries,20725.05,Successful,1,2026-06
TXN302491,2026-06-13,CUST10242,CARD20446,Abuja,Classic,POS,Utilities,11609.34,Successful,1,2026-06
TXN302492,2026-05-19,CUST10109,CARD20221,Port Harcourt,Classic,Online,Entertainment,4273.88,Successful,1,2026-05
TXN302493,2026-05-29,CUST10303,CARD20555,Lagos,Classic,Online,Retail,3996.06,Successful,1,2026-05
TXN302494,2026-02-21,CUST10084,CARD20378,Lagos,Gold,POS,Fuel,10201.25,Successful,1,2026-02
TXN302495,2026-04-27,CUST10083,CARD20266,Kano,Classic,Online,Groceries,12028.57,Successful,1,2026-04
TXN302496,2026-01-26,CUST10291,CARD20095,Lagos,Classic,ATM,Travel,10849.72,Successful,1,2026-01
TXN302497,2026-02-03,CUST10069,CARD20262,Abuja,Classic,POS,Groceries,9207.76,Successful,1,2026-02
TXN302498,2026-02-21,CUST10129,CARD20071,Ibadan,Gold,POS,Fuel,11448.0,Declined,0,2026-02
TXN302499,2026-04-22,CUST10196,CARD20219,Lagos,Classic,Online,Utilities,1410.22,Successful,1,2026-04
TXN302500,2026-03-23,CUST10140,CARD20533,Lagos,Classic,Online,Dining,6549.32,Successful,1,2026-03
